"STATION","NAME","LATITUDE","LONGITUDE","ELEVATION","DATE","AWND","DAPR","MDPR","PGTM","PRCP","SNOW","SNWD","TAVG","TMAX","TMIN","WDF2","WDF5","WSF2","WSF5","WT01","WT02","WT03","WT04","WT06","WT08"
"USC00369191","VILLANOVA, PA US","40.02319","-75.37087","118.9","2019-09-06",,,,,"0.0","0.0","0.0",,,,,,,,,,,,,
"USC00369191","VILLANOVA, PA US","40.02319","-75.37087","118.9","2019-09-07",,,,,"3.3","0.0","0.0",,,,,,,,,,,,,
"USC00369191","VILLANOVA, PA US","40.02319","-75.37087","118.9","2019-09-08",,,,,"0.0","0.0","0.0",,,,,,,,,,,,,
"USC00369191","VILLANOVA, PA US","40.02319","-75.37087","118.9","2019-09-09",,,,,"0.0","0.0","0.0",,,,,,,,,,,,,
"USC00369191","VILLANOVA, PA US","40.02319","-75.37087","118.9","2019-09-10",,,,,"0.0","0.0","0.0",,,,,,,,,,,,,
"USC00369191","VILLANOVA, PA US","40.02319","-75.37087","118.9","2019-09-11",,,,,"0.0","0.0","0.0",,,,,,,,,,,,,
"USC00369191","VILLANOVA, PA US","40.02319","-75.37087","118.9","2019-09-12",,,,,"0.5","0.0","0.0",,,,,,,,,,,,,
"USC00369191","VILLANOVA, PA US","40.02319","-75.37087","118.9","2019-09-13",,,,,"8.9","0.0","0.0",,,,,,,,,,,,,
"USC00369191","VILLANOVA, PA US","40.02319","-75.37087","118.9","2019-09-14",,,,,"0.3","0.0","0.0",,,,,,,,,,,,,
"USC00369191","VILLANOVA, PA US","40.02319","-75.37087","118.9","2019-09-15",,,,,"3.3","0.0","0.0",,,,,,,,,,,,,
"USC00369191","VILLANOVA, PA US","40.02319","-75.37087","118.9","2019-09-16",,,,,"0.0","0.0","0.0",,,,,,,,,,,,,
"USC00369191","VILLANOVA, PA US","40.02319","-75.37087","118.9","2019-09-17",,,,,"0.0","0.0","0.0",,,,,,,,,,,,,
"USC00369191","VILLANOVA, PA US","40.02319","-75.37087","118.9","2019-09-18",,,,,"0.0","0.0","0.0",,,,,,,,,,,,,
"USC00369191","VILLANOVA, PA US","40.02319","-75.37087","118.9","2019-09-19",,,,,"0.0","0.0","0.0",,,,,,,,,,,,,
"USC00369191","VILLANOVA, PA US","40.02319","-75.37087","118.9","2019-09-20",,,,,"0.0","0.0","0.0",,,,,,,,,,,,,
"USC00369191","VILLANOVA, PA US","40.02319","-75.37087","118.9","2019-09-21",,,,,"0.0","0.0","0.0",,,,,,,,,,,,,
"USC00369191","VILLANOVA, PA US","40.02319","-75.37087","118.9","2019-09-22",,,,,"0.0","0.0","0.0",,,,,,,,,,,,,
"USC00369191","VILLANOVA, PA US","40.02319","-75.37087","118.9","2019-09-23",,,,,"0.0","0.0","0.0",,,,,,,,,,,,,
"USC00369191","VILLANOVA, PA US","40.02319","-75.37087","118.9","2019-09-24",,,,,"0.0","0.0","0.0",,,,,,,,,,,,,
"USC00369191","VILLANOVA, PA US","40.02319","-75.37087","118.9","2019-09-25",,,,,"0.0","0.0","0.0",,,,,,,,,,,,,
"USC00369191","VILLANOVA, PA US","40.02319","-75.37087","118.9","2019-09-26",,,,,"0.0","0.0","0.0",,,,,,,,,,,,,
"USC00369191","VILLANOVA, PA US","40.02319","-75.37087","118.9","2019-09-27",,,,,"1.8","0.0","0.0",,,,,,,,,,,,,
"USC00369191","VILLANOVA, PA US","40.02319","-75.37087","118.9","2019-09-28",,,,,"0.0","0.0","0.0",,,,,,,,,,,,,
"USC00369191","VILLANOVA, PA US","40.02319","-75.37087","118.9","2019-09-29",,,,,"12.4","0.0","0.0",,,,,,,,,,,,,
"USC00369191","VILLANOVA, PA US","40.02319","-75.37087","118.9","2019-09-30",,,,,"0.3","0.0","0.0",,,,,,,,,,,,,
"USC00369191","VILLANOVA, PA US","40.02319","-75.37087","118.9","2019-10-01",,,,,"0.0","0.0","0.0",,,,,,,,,,,,,
"USC00369191","VILLANOVA, PA US","40.02319","-75.37087","118.9","2019-10-02",,,,,"0.0","0.0","0.0",,,,,,,,,,,,,
"USC00369191","VILLANOVA, PA US","40.02319","-75.37087","118.9","2019-10-03",,,,,"1.5","0.0","0.0",,,,,,,,,,,,,
"USC00369191","VILLANOVA, PA US","40.02319","-75.37087","118.9","2019-10-04",,,,,"0.8","0.0","0.0",,,,,,,,,,,,,
"USC00369191","VILLANOVA, PA US","40.02319","-75.37087","118.9","2019-10-05",,,,,"0.0","0.0","0.0",,,,,,,,,,,,,
"USC00369191","VILLANOVA, PA US","40.02319","-75.37087","118.9","2019-10-06",,,,,"0.5","0.0","0.0",,,,,,,,,,,,,
"USC00369191","VILLANOVA, PA US","40.02319","-75.37087","118.9","2019-10-07",,,,,"0.0","0.0","0.0",,,,,,,,,,,,,
"USC00369191","VILLANOVA, PA US","40.02319","-75.37087","118.9","2019-10-08",,,,,"3.0","0.0","0.0",,,,,,,,,,,,,
"USC00369191","VILLANOVA, PA US","40.02319","-75.37087","118.9","2019-10-09",,,,,"0.8","0.0","0.0",,,,,,,,,,,,,
"USC00369191","VILLANOVA, PA US","40.02319","-75.37087","118.9","2019-10-10",,,,,"0.0","0.0","0.0",,,,,,,,,,,,,
"USC00369191","VILLANOVA, PA US","40.02319","-75.37087","118.9","2019-10-11",,,,,"0.0","0.0","0.0",,,,,,,,,,,,,
"USC00369191","VILLANOVA, PA US","40.02319","-75.37087","118.9","2019-10-12",,,,,"0.0","0.0","0.0",,,,,,,,,,,,,
"USC00369191","VILLANOVA, PA US","40.02319","-75.37087","118.9","2019-10-13",,,,,"0.0","0.0","0.0",,,,,,,,,,,,,
"USC00369191","VILLANOVA, PA US","40.02319","-75.37087","118.9","2019-10-14",,,,,"0.0","0.0","0.0",,,,,,,,,,,,,
"USC00369191","VILLANOVA, PA US","40.02319","-75.37087","118.9","2019-10-15",,,,,"0.0","0.0","0.0",,,,,,,,,,,,,
"USC00369191","VILLANOVA, PA US","40.02319","-75.37087","118.9","2019-10-16",,,,,"0.0","0.0","0.0",,,,,,,,,,,,,
"USC00369191","VILLANOVA, PA US","40.02319","-75.37087","118.9","2019-10-17",,,,,"31.2","0.0","0.0",,,,,,,,,,,,,
"USC00369191","VILLANOVA, PA US","40.02319","-75.37087","118.9","2019-10-18",,,,,"0.0","0.0","0.0",,,,,,,,,,,,,
"USC00369191","VILLANOVA, PA US","40.02319","-75.37087","118.9","2019-10-19",,,,,"0.0","0.0","0.0",,,,,,,,,,,,,
"USC00369191","VILLANOVA, PA US","40.02319","-75.37087","118.9","2019-10-20",,,,,"0.0","0.0","0.0",,,,,,,,,,,,,
"USC00369191","VILLANOVA, PA US","40.02319","-75.37087","118.9","2019-10-21",,,,,"10.4","0.0","0.0",,,,,,,,,,,,,
"USC00369191","VILLANOVA, PA US","40.02319","-75.37087","118.9","2019-10-22",,,,,"0.3","0.0","0.0",,,,,,,,,,,,,
"USC00369191","VILLANOVA, PA US","40.02319","-75.37087","118.9","2019-10-23",,,,,"16.5","0.0","0.0",,,,,,,,,,,,,
"USC00369191","VILLANOVA, PA US","40.02319","-75.37087","118.9","2019-10-24",,,,,"0.5","0.0","0.0",,,,,,,,,,,,,
"USC00369191","VILLANOVA, PA US","40.02319","-75.37087","118.9","2019-10-25",,,,,"0.0","0.0","0.0",,,,,,,,,,,,,
"USC00369191","VILLANOVA, PA US","40.02319","-75.37087","118.9","2019-10-26",,,,,"0.0","0.0","0.0",,,,,,,,,,,,,
"USC00369191","VILLANOVA, PA US","40.02319","-75.37087","118.9","2019-10-27",,,,,"16.3","0.0","0.0",,,,,,,,,,,,,
"USC00369191","VILLANOVA, PA US","40.02319","-75.37087","118.9","2019-10-28",,,,,"15.0","0.0","0.0",,,,,,,,,,,,,
"USC00369191","VILLANOVA, PA US","40.02319","-75.37087","118.9","2019-10-29",,,,,"1.0","0.0","0.0",,,,,,,,,,,,,
"USC00369191","VILLANOVA, PA US","40.02319","-75.37087","118.9","2019-10-30",,,,,"0.0","0.0","0.0",,,,,,,,,,,,,
"USC00369191","VILLANOVA, PA US","40.02319","-75.37087","118.9","2019-10-31",,,,,"17.8","0.0","0.0",,,,,,,,,,,,,
"USC00369191","VILLANOVA, PA US","40.02319","-75.37087","118.9","2019-11-01",,,,,"18.8","0.0","0.0",,,,,,,,,,,,,
"USC00369191","VILLANOVA, PA US","40.02319","-75.37087","118.9","2019-11-02",,,,,"0.5","0.0","0.0",,,,,,,,,,,,,
"USC00369191","VILLANOVA, PA US","40.02319","-75.37087","118.9","2019-11-03",,,,,"0.0","0.0","0.0",,,,,,,,,,,,,
"USC00369191","VILLANOVA, PA US","40.02319","-75.37087","118.9","2019-11-04",,,,,"0.0","0.0","0.0",,,,,,,,,,,,,
"USC00369191","VILLANOVA, PA US","40.02319","-75.37087","118.9","2019-11-05",,,,,"0.0","0.0","0.0",,,,,,,,,,,,,
"USC00369191","VILLANOVA, PA US","40.02319","-75.37087","118.9","2019-11-06",,,,,"0.0","0.0","0.0",,,,,,,,,,,,,
"USC00369191","VILLANOVA, PA US","40.02319","-75.37087","118.9","2019-11-07",,,,,"0.0","0.0","0.0",,,,,,,,,,,,,
"USC00369191","VILLANOVA, PA US","40.02319","-75.37087","118.9","2019-11-12",,"    5","8.1",,,"0.0","0.0",,,,,,,,,,,,,
"USC00369191","VILLANOVA, PA US","40.02319","-75.37087","118.9","2019-11-13",,,,,"0.5","0.0","0.0",,,,,,,,,,,,,
"USC00369191","VILLANOVA, PA US","40.02319","-75.37087","118.9","2019-11-14",,,,,"0.0","0.0","0.0",,,,,,,,,,,,,
"USC00369191","VILLANOVA, PA US","40.02319","-75.37087","118.9","2019-11-15",,,,,"0.0","0.0","0.0",,,,,,,,,,,,,
"USC00369191","VILLANOVA, PA US","40.02319","-75.37087","118.9","2019-11-16",,,,,"0.0","0.0","0.0",,,,,,,,,,,,,
"USC00369191","VILLANOVA, PA US","40.02319","-75.37087","118.9","2019-11-17",,,,,"0.0","0.0","0.0",,,,,,,,,,,,,
"USC00369191","VILLANOVA, PA US","40.02319","-75.37087","118.9","2019-11-18",,,,,"0.0","0.0","0.0",,,,,,,,,,,,,
"USC00369191","VILLANOVA, PA US","40.02319","-75.37087","118.9","2019-11-19",,,,,"0.5","0.0","0.0",,,,,,,,,,,,,
"USC00369191","VILLANOVA, PA US","40.02319","-75.37087","118.9","2019-11-20",,,,,"0.5","0.0","0.0",,,,,,,,,,,,,
"USC00369191","VILLANOVA, PA US","40.02319","-75.37087","118.9","2019-11-21",,,,,"0.0","0.0","0.0",,,,,,,,,,,,,
"USC00369191","VILLANOVA, PA US","40.02319","-75.37087","118.9","2019-11-22",,,,,"0.0","0.0","0.0",,,,,,,,,,,,,
"USC00369191","VILLANOVA, PA US","40.02319","-75.37087","118.9","2019-11-23",,,,,"0.0","0.0","0.0",,,,,,,,,,,,,
"USC00369191","VILLANOVA, PA US","40.02319","-75.37087","118.9","2019-11-24",,,,,"25.1","0.0","0.0",,,,,,,,,,,,,
"USC00369191","VILLANOVA, PA US","40.02319","-75.37087","118.9","2019-11-25",,,,,"2.8","0.0","0.0",,,,,,,,,,,,,
"USC00369191","VILLANOVA, PA US","40.02319","-75.37087","118.9","2019-11-26",,,,,"0.0","0.0","0.0",,,,,,,,,,,,,
"USC00369191","VILLANOVA, PA US","40.02319","-75.37087","118.9","2019-11-27",,,,,"0.0","0.0","0.0",,,,,,,,,,,,,
"USC00369191","VILLANOVA, PA US","40.02319","-75.37087","118.9","2019-11-28",,,,,"0.0","0.0","0.0",,,,,,,,,,,,,
"USC00369191","VILLANOVA, PA US","40.02319","-75.37087","118.9","2019-11-29",,,,,"0.0","0.0","0.0",,,,,,,,,,,,,
"USC00369191","VILLANOVA, PA US","40.02319","-75.37087","118.9","2019-11-30",,,,,"0.0","0.0","0.0",,,,,,,,,,,,,
"USC00369191","VILLANOVA, PA US","40.02319","-75.37087","118.9","2019-12-01",,,,,"0.0","0.0","0.0",,,,,,,,,,,,,
"USC00369191","VILLANOVA, PA US","40.02319","-75.37087","118.9","2019-12-02",,,,,"2.5","0.0","0.0",,,,,,,,,,,,,
"USC00369191","VILLANOVA, PA US","40.02319","-75.37087","118.9","2019-12-03",,,,,"2.5","0.0","0.0",,,,,,,,,,,,,
"USC00369191","VILLANOVA, PA US","40.02319","-75.37087","118.9","2019-12-04",,,,,"0.5","0.0","0.0",,,,,,,,,,,,,
"USC00369191","VILLANOVA, PA US","40.02319","-75.37087","118.9","2019-12-05",,,,,"1.5","0.0","0.0",,,,,,,,,,,,,
"USC00369191","VILLANOVA, PA US","40.02319","-75.37087","118.9","2019-12-06",,,,,"0.0","0.0","0.0",,,,,,,,,,,,,
"USC00369191","VILLANOVA, PA US","40.02319","-75.37087","118.9","2019-12-07",,,,,"0.8","0.0","0.0",,,,,,,,,,,,,
"USC00369191","VILLANOVA, PA US","40.02319","-75.37087","118.9","2019-12-08",,,,,"0.0","0.0","0.0",,,,,,,,,,,,,
"USC00369191","VILLANOVA, PA US","40.02319","-75.37087","118.9","2019-12-09",,,,,"0.0","0.0","0.0",,,,,,,,,,,,,
"USC00369191","VILLANOVA, PA US","40.02319","-75.37087","118.9","2019-12-10",,,,,"32.0","0.0","0.0",,,,,,,,,,,,,
"USC00369191","VILLANOVA, PA US","40.02319","-75.37087","118.9","2019-12-11",,,,,"11.2","25.0","0.0",,,,,,,,,,,,,
"USC00369191","VILLANOVA, PA US","40.02319","-75.37087","118.9","2019-12-12",,,,,"0.0","0.0","0.0",,,,,,,,,,,,,
"USC00369191","VILLANOVA, PA US","40.02319","-75.37087","118.9","2019-12-13",,,,,"0.0","0.0","0.0",,,,,,,,,,,,,
"USC00369191","VILLANOVA, PA US","40.02319","-75.37087","118.9","2019-12-14",,,,,"15.2","0.0","0.0",,,,,,,,,,,,,
"USC00369191","VILLANOVA, PA US","40.02319","-75.37087","118.9","2019-12-15",,,,,"0.0","0.0","0.0",,,,,,,,,,,,,
"USC00369191","VILLANOVA, PA US","40.02319","-75.37087","118.9","2019-12-16",,,,,"0.0","0.0","0.0",,,,,,,,,,,,,
"USC00369191","VILLANOVA, PA US","40.02319","-75.37087","118.9","2019-12-17",,,,,"26.7","0.0","0.0",,,,,,,,,,,,,
"USC00369191","VILLANOVA, PA US","40.02319","-75.37087","118.9","2019-12-18",,,,,"0.0","0.0","0.0",,,,,,,,,,,,,
"USC00369191","VILLANOVA, PA US","40.02319","-75.37087","118.9","2019-12-19",,,,,"0.0","0.0","0.0",,,,,,,,,,,,,
"USC00369191","VILLANOVA, PA US","40.02319","-75.37087","118.9","2019-12-20",,,,,"4.6","0.0","0.0",,,,,,,,,,,,,
"USC00369191","VILLANOVA, PA US","40.02319","-75.37087","118.9","2019-12-21",,,,,"0.0","0.0","0.0",,,,,,,,,,,,,
"USC00369191","VILLANOVA, PA US","40.02319","-75.37087","118.9","2019-12-22",,,,,"0.0","0.0","0.0",,,,,,,,,,,,,
"USC00369191","VILLANOVA, PA US","40.02319","-75.37087","118.9","2019-12-23",,,,,"0.0","0.0","0.0",,,,,,,,,,,,,
"USC00369191","VILLANOVA, PA US","40.02319","-75.37087","118.9","2019-12-24",,,,,"0.0","0.0","0.0",,,,,,,,,,,,,
"USC00369191","VILLANOVA, PA US","40.02319","-75.37087","118.9","2019-12-25",,,,,"0.0","0.0","0.0",,,,,,,,,,,,,
"USC00369191","VILLANOVA, PA US","40.02319","-75.37087","118.9","2019-12-26",,,,,"0.0","0.0","0.0",,,,,,,,,,,,,
"USC00369191","VILLANOVA, PA US","40.02319","-75.37087","118.9","2019-12-27",,,,,"0.0","0.0","0.0",,,,,,,,,,,,,
"USC00369191","VILLANOVA, PA US","40.02319","-75.37087","118.9","2019-12-28",,,,,"0.0","0.0","0.0",,,,,,,,,,,,,
"USC00369191","VILLANOVA, PA US","40.02319","-75.37087","118.9","2019-12-29",,,,,"0.5","0.0","0.0",,,,,,,,,,,,,
"USC00369191","VILLANOVA, PA US","40.02319","-75.37087","118.9","2019-12-30",,,,,"15.2","0.0","0.0",,,,,,,,,,,,,
"USC00369191","VILLANOVA, PA US","40.02319","-75.37087","118.9","2019-12-31",,,,,"4.1","0.0","0.0",,,,,,,,,,,,,
"USC00369191","VILLANOVA, PA US","40.02319","-75.37087","118.9","2020-01-01",,,,,"0.3","0.0","0.0",,,,,,,,,,,,,
"USC00369191","VILLANOVA, PA US","40.02319","-75.37087","118.9","2020-01-02",,,,,"0.0","0.0","0.0",,,,,,,,,,,,,
"USC00369191","VILLANOVA, PA US","40.02319","-75.37087","118.9","2020-01-03",,,,,"2.8","0.0","0.0",,,,,,,,,,,,,
"USC00369191","VILLANOVA, PA US","40.02319","-75.37087","118.9","2020-01-04",,,,,"0.0","0.0","0.0",,,,,,,,,,,,,
"USC00369191","VILLANOVA, PA US","40.02319","-75.37087","118.9","2020-01-05",,,,,"7.4","0.0","0.0",,,,,,,,,,,,,
"USC00369191","VILLANOVA, PA US","40.02319","-75.37087","118.9","2020-01-06",,,,,"0.3","0.0","0.0",,,,,,,,,,,,,
"USC00369191","VILLANOVA, PA US","40.02319","-75.37087","118.9","2020-01-07",,,,,"0.0","0.0","0.0",,,,,,,,,,,,,
"USC00369191","VILLANOVA, PA US","40.02319","-75.37087","118.9","2020-01-08",,,,,"2.5","0.0","0.0",,,,,,,,,,,,,
"USC00369191","VILLANOVA, PA US","40.02319","-75.37087","118.9","2020-01-09",,,,,"0.5","0.0","0.0",,,,,,,,,,,,,
"USC00369191","VILLANOVA, PA US","40.02319","-75.37087","118.9","2020-01-10",,,,,"0.0","0.0","0.0",,,,,,,,,,,,,
"USC00369191","VILLANOVA, PA US","40.02319","-75.37087","118.9","2020-01-11",,,,,"0.0","0.0","0.0",,,,,,,,,,,,,
"USC00369191","VILLANOVA, PA US","40.02319","-75.37087","118.9","2020-01-12",,,,,"0.0","0.0","0.0",,,,,,,,,,,,,
"USC00369191","VILLANOVA, PA US","40.02319","-75.37087","118.9","2020-01-13",,,,,"0.0","0.0","0.0",,,,,,,,,,,,,
"USC00369191","VILLANOVA, PA US","40.02319","-75.37087","118.9","2020-01-14",,,,,"2.5","0.0","0.0",,,,,,,,,,,,,
"USC00369191","VILLANOVA, PA US","40.02319","-75.37087","118.9","2020-01-15",,,,,"1.0","0.0","0.0",,,,,,,,,,,,,
"USC00369191","VILLANOVA, PA US","40.02319","-75.37087","118.9","2020-01-16",,,,,"1.5","0.0","0.0",,,,,,,,,,,,,
"USC00369191","VILLANOVA, PA US","40.02319","-75.37087","118.9","2020-01-17",,,,,"0.0","0.0","0.0",,,,,,,,,,,,,
"USC00369191","VILLANOVA, PA US","40.02319","-75.37087","118.9","2020-01-18",,,,,"0.0","0.0","0.0",,,,,,,,,,,,,
"USC00369191","VILLANOVA, PA US","40.02319","-75.37087","118.9","2020-01-19",,,,,"9.1",,,,,,,,,,,,,,,
"USC00369191","VILLANOVA, PA US","40.02319","-75.37087","118.9","2020-01-20",,,,,"0.0","0.0","0.0",,,,,,,,,,,,,
"USC00369191","VILLANOVA, PA US","40.02319","-75.37087","118.9","2020-01-21",,,,,"0.0","0.0","0.0",,,,,,,,,,,,,
"USC00369191","VILLANOVA, PA US","40.02319","-75.37087","118.9","2020-01-22",,,,,"0.0","0.0","0.0",,,,,,,,,,,,,
"USC00369191","VILLANOVA, PA US","40.02319","-75.37087","118.9","2020-01-23",,,,,"0.0","0.0","0.0",,,,,,,,,,,,,
"USC00369191","VILLANOVA, PA US","40.02319","-75.37087","118.9","2020-01-24",,,,,"0.0","0.0","0.0",,,,,,,,,,,,,
"USC00369191","VILLANOVA, PA US","40.02319","-75.37087","118.9","2020-01-25",,,,,"19.3","0.0","0.0",,,,,,,,,,,,,
"USC00369191","VILLANOVA, PA US","40.02319","-75.37087","118.9","2020-01-26",,,,,"28.7","0.0","0.0",,,,,,,,,,,,,
"USC00369191","VILLANOVA, PA US","40.02319","-75.37087","118.9","2020-01-27",,,,,"0.0","0.0","0.0",,,,,,,,,,,,,
"USC00369191","VILLANOVA, PA US","40.02319","-75.37087","118.9","2020-01-28",,,,,"0.5","0.0","0.0",,,,,,,,,,,,,
"USC00369191","VILLANOVA, PA US","40.02319","-75.37087","118.9","2020-01-29",,,,,"0.0","0.0","0.0",,,,,,,,,,,,,
"USC00369191","VILLANOVA, PA US","40.02319","-75.37087","118.9","2020-01-30",,,,,"0.0","0.0","0.0",,,,,,,,,,,,,
"USC00369191","VILLANOVA, PA US","40.02319","-75.37087","118.9","2020-01-31",,,,,"0.0","0.0","0.0",,,,,,,,,,,,,
"USC00369191","VILLANOVA, PA US","40.02319","-75.37087","118.9","2020-02-01",,,,,"20.3","0.0","0.0",,,,,,,,,,,,,
"USC00369191","VILLANOVA, PA US","40.02319","-75.37087","118.9","2020-02-02",,,,,"1.5","0.0","0.0",,,,,,,,,,,,,
"USC00369191","VILLANOVA, PA US","40.02319","-75.37087","118.9","2020-02-03",,,,,"0.5","0.0","0.0",,,,,,,,,,,,,
"USC00369191","VILLANOVA, PA US","40.02319","-75.37087","118.9","2020-02-04",,,,,"2.0","0.0","0.0",,,,,,,,,,,,,
"USC00369191","VILLANOVA, PA US","40.02319","-75.37087","118.9","2020-02-05",,,,,"1.3","0.0","0.0",,,,,,,,,,,,,
"USC00369191","VILLANOVA, PA US","40.02319","-75.37087","118.9","2020-02-06",,,,,"11.2","0.0","0.0",,,,,,,,,,,,,
"USC00369191","VILLANOVA, PA US","40.02319","-75.37087","118.9","2020-02-07",,,,,"15.0","0.0","0.0",,,,,,,,,,,,,
"USC00369191","VILLANOVA, PA US","40.02319","-75.37087","118.9","2020-02-08",,,,,"0.0","0.0","0.0",,,,,,,,,,,,,
"USC00369191","VILLANOVA, PA US","40.02319","-75.37087","118.9","2020-02-09",,,,,"0.0","0.0","0.0",,,,,,,,,,,,,
"USC00369191","VILLANOVA, PA US","40.02319","-75.37087","118.9","2020-02-10",,,,,"2.3","0.0","0.0",,,,,,,,,,,,,
"USC00369191","VILLANOVA, PA US","40.02319","-75.37087","118.9","2020-02-11",,,,,"14.0","0.0","0.0",,,,,,,,,,,,,
"USC00369191","VILLANOVA, PA US","40.02319","-75.37087","118.9","2020-02-12",,,,,"1.5","0.0","0.0",,,,,,,,,,,,,
"USC00369191","VILLANOVA, PA US","40.02319","-75.37087","118.9","2020-02-13",,,,,"5.1","0.0","0.0",,,,,,,,,,,,,
"USC00369191","VILLANOVA, PA US","40.02319","-75.37087","118.9","2020-02-14",,,,,"2.8","0.0","0.0",,,,,,,,,,,,,
"USC00369191","VILLANOVA, PA US","40.02319","-75.37087","118.9","2020-02-15",,,,,"0.0","0.0","0.0",,,,,,,,,,,,,
"USC00369191","VILLANOVA, PA US","40.02319","-75.37087","118.9","2020-02-16",,,,,"0.0","0.0","0.0",,,,,,,,,,,,,
"USC00369191","VILLANOVA, PA US","40.02319","-75.37087","118.9","2020-02-17",,,,,"0.5","0.0","0.0",,,,,,,,,,,,,
"USC00369191","VILLANOVA, PA US","40.02319","-75.37087","118.9","2020-02-18",,,,,"0.0","0.0","0.0",,,,,,,,,,,,,
"USC00369191","VILLANOVA, PA US","40.02319","-75.37087","118.9","2020-02-19",,,,,"0.0","0.0","0.0",,,,,,,,,,,,,
"USC00369191","VILLANOVA, PA US","40.02319","-75.37087","118.9","2020-02-20",,,,,"0.0","0.0","0.0",,,,,,,,,,,,,
"USC00369191","VILLANOVA, PA US","40.02319","-75.37087","118.9","2020-02-21",,,,,"0.0","0.0","0.0",,,,,,,,,,,,,
"USC00369191","VILLANOVA, PA US","40.02319","-75.37087","118.9","2020-02-22",,,,,"0.0","0.0","0.0",,,,,,,,,,,,,
"USC00369191","VILLANOVA, PA US","40.02319","-75.37087","118.9","2020-02-23",,,,,"0.0","0.0","0.0",,,,,,,,,,,,,
"USC00369191","VILLANOVA, PA US","40.02319","-75.37087","118.9","2020-02-24",,,,,"0.0","0.0","0.0",,,,,,,,,,,,,
"USC00369191","VILLANOVA, PA US","40.02319","-75.37087","118.9","2020-02-25",,,,,"0.0","0.0","0.0",,,,,,,,,,,,,
"USC00369191","VILLANOVA, PA US","40.02319","-75.37087","118.9","2020-02-26",,,,,"4.6","0.0","0.0",,,,,,,,,,,,,
"USC00369191","VILLANOVA, PA US","40.02319","-75.37087","118.9","2020-02-27",,,,,"7.9","0.0","0.0",,,,,,,,,,,,,
"USC00369191","VILLANOVA, PA US","40.02319","-75.37087","118.9","2020-02-28",,,,,"0.0","0.0","0.0",,,,,,,,,,,,,
"USC00369191","VILLANOVA, PA US","40.02319","-75.37087","118.9","2020-02-29",,,,,"0.5","0.0","0.0",,,,,,,,,,,,,
"USC00369191","VILLANOVA, PA US","40.02319","-75.37087","118.9","2020-03-01",,,,,"0.0","0.0","0.0",,,,,,,,,,,,,
"USC00369191","VILLANOVA, PA US","40.02319","-75.37087","118.9","2020-03-02",,,,,"0.0","0.0","0.0",,,,,,,,,,,,,
"USC00369191","VILLANOVA, PA US","40.02319","-75.37087","118.9","2020-03-03",,,,,"2.0","0.0","0.0",,,,,,,,,,,,,
"USC00369191","VILLANOVA, PA US","40.02319","-75.37087","118.9","2020-03-04",,,,,"6.9","0.0","0.0",,,,,,,,,,,,,
"USC00369191","VILLANOVA, PA US","40.02319","-75.37087","118.9","2020-03-05",,,,,"0.0","0.0","0.0",,,,,,,,,,,,,
"USC00369191","VILLANOVA, PA US","40.02319","-75.37087","118.9","2020-03-06",,,,,"0.0","0.0","0.0",,,,,,,,,,,,,
"USC00369191","VILLANOVA, PA US","40.02319","-75.37087","118.9","2020-03-07",,,,,"13.7","0.0","0.0",,,,,,,,,,,,,
"USC00369191","VILLANOVA, PA US","40.02319","-75.37087","118.9","2020-03-08",,,,,"0.3","0.0","0.0",,,,,,,,,,,,,
"USC00369191","VILLANOVA, PA US","40.02319","-75.37087","118.9","2020-03-09",,,,,"0.0","0.0","0.0",,,,,,,,,,,,,
"USC00369191","VILLANOVA, PA US","40.02319","-75.37087","118.9","2020-03-10",,,,,"0.0","0.0","0.0",,,,,,,,,,,,,
"USC00369191","VILLANOVA, PA US","40.02319","-75.37087","118.9","2020-03-11",,,,,"0.3","0.0","0.0",,,,,,,,,,,,,
"USC00369191","VILLANOVA, PA US","40.02319","-75.37087","118.9","2020-03-12",,,,,"0.0","0.0","0.0",,,,,,,,,,,,,
"USC00369191","VILLANOVA, PA US","40.02319","-75.37087","118.9","2020-03-13",,,,,"7.6","0.0","0.0",,,,,,,,,,,,,
"USC00369191","VILLANOVA, PA US","40.02319","-75.37087","118.9","2020-03-14",,,,,"0.0","0.0","0.0",,,,,,,,,,,,,
"USC00369191","VILLANOVA, PA US","40.02319","-75.37087","118.9","2020-03-15",,,,,"1.3","0.0","0.0",,,,,,,,,,,,,
"USC00369191","VILLANOVA, PA US","40.02319","-75.37087","118.9","2020-03-16",,,,,"0.0","0.0","0.0",,,,,,,,,,,,,
"USC00369191","VILLANOVA, PA US","40.02319","-75.37087","118.9","2020-03-17",,,,,"1.8","0.0","0.0",,,,,,,,,,,,,
"USC00369191","VILLANOVA, PA US","40.02319","-75.37087","118.9","2020-03-18",,,,,"0.5","0.0","0.0",,,,,,,,,,,,,
"USC00369191","VILLANOVA, PA US","40.02319","-75.37087","118.9","2020-03-19",,,,,"23.1","0.0","0.0",,,,,,,,,,,,,
"USC00369191","VILLANOVA, PA US","40.02319","-75.37087","118.9","2020-03-20",,,,,"0.5","0.0","0.0",,,,,,,,,,,,,
"USC00369191","VILLANOVA, PA US","40.02319","-75.37087","118.9","2020-03-21",,,,,"0.5","0.0","0.0",,,,,,,,,,,,,
"USC00369191","VILLANOVA, PA US","40.02319","-75.37087","118.9","2020-03-22",,,,,"0.0","0.0","0.0",,,,,,,,,,,,,
"USC00369191","VILLANOVA, PA US","40.02319","-75.37087","118.9","2020-03-23",,,,,"2.3","0.0","0.0",,,,,,,,,,,,,
"USC00369191","VILLANOVA, PA US","40.02319","-75.37087","118.9","2020-03-24",,,,,"18.5","0.0","0.0",,,,,,,,,,,,,
"USC00369191","VILLANOVA, PA US","40.02319","-75.37087","118.9","2020-03-25",,,,,"0.0","0.0","0.0",,,,,,,,,,,,,
"USC00369191","VILLANOVA, PA US","40.02319","-75.37087","118.9","2020-03-26",,,,,"0.0","0.0","0.0",,,,,,,,,,,,,
"USC00369191","VILLANOVA, PA US","40.02319","-75.37087","118.9","2020-03-27",,,,,"0.0","0.0","0.0",,,,,,,,,,,,,
"USC00369191","VILLANOVA, PA US","40.02319","-75.37087","118.9","2020-03-28",,,,,"7.4","0.0","0.0",,,,,,,,,,,,,
"USC00369191","VILLANOVA, PA US","40.02319","-75.37087","118.9","2020-03-29",,,,,"25.7","0.0","0.0",,,,,,,,,,,,,
"USC00369191","VILLANOVA, PA US","40.02319","-75.37087","118.9","2020-03-30",,,,,"0.5","0.0","0.0",,,,,,,,,,,,,
"USC00369191","VILLANOVA, PA US","40.02319","-75.37087","118.9","2020-03-31",,,,,"4.1","0.0","0.0",,,,,,,,,,,,,
"USC00369191","VILLANOVA, PA US","40.02319","-75.37087","118.9","2020-04-01",,,,,"0.3","0.0","0.0",,,,,,,,,,,,,
"USC00369191","VILLANOVA, PA US","40.02319","-75.37087","118.9","2020-04-02",,,,,"0.0","0.0","0.0",,,,,,,,,,,,,
"USC00369191","VILLANOVA, PA US","40.02319","-75.37087","118.9","2020-04-03",,,,,"0.0","0.0","0.0",,,,,,,,,,,,,
"USC00369191","VILLANOVA, PA US","40.02319","-75.37087","118.9","2020-04-04",,,,,"0.8","0.0","0.0",,,,,,,,,,,,,
"USC00369191","VILLANOVA, PA US","40.02319","-75.37087","118.9","2020-04-05",,,,,"0.0","0.0","0.0",,,,,,,,,,,,,
"USC00369191","VILLANOVA, PA US","40.02319","-75.37087","118.9","2020-04-10",,,,,"0.0","0.0","0.0",,,,,,,,,,,,,
"USC00369191","VILLANOVA, PA US","40.02319","-75.37087","118.9","2020-04-11",,,,,"1.0","0.0","0.0",,,,,,,,,,,,,
"USC00369191","VILLANOVA, PA US","40.02319","-75.37087","118.9","2020-04-12",,,,,"0.3","0.0","0.0",,,,,,,,,,,,,
"USC00369191","VILLANOVA, PA US","40.02319","-75.37087","118.9","2020-04-13",,,,,"36.1","0.0","0.0",,,,,,,,,,,,,
"USC00369191","VILLANOVA, PA US","40.02319","-75.37087","118.9","2020-04-15",,,,,"0.5","0.0","0.0",,,,,,,,,,,,,
"USC00369191","VILLANOVA, PA US","40.02319","-75.37087","118.9","2020-04-16",,,,,"0.0","0.0","0.0",,,,,,,,,,,,,
"USC00369191","VILLANOVA, PA US","40.02319","-75.37087","118.9","2020-04-17",,,,,"0.0","0.0","0.0",,,,,,,,,,,,,
"USC00369191","VILLANOVA, PA US","40.02319","-75.37087","118.9","2020-04-19",,,,,,,"0.0",,,,,,,,,,,,,
"USC00369191","VILLANOVA, PA US","40.02319","-75.37087","118.9","2020-04-20",,,,,"0.0","0.0","0.0",,,,,,,,,,,,,
"USC00369191","VILLANOVA, PA US","40.02319","-75.37087","118.9","2020-04-21",,,,,"0.0","0.0","0.0",,,,,,,,,,,,,
"USC00369191","VILLANOVA, PA US","40.02319","-75.37087","118.9","2020-04-22",,,,,"0.0","0.0","0.0",,,,,,,,,,,,,
"USC00369191","VILLANOVA, PA US","40.02319","-75.37087","118.9","2020-04-23",,,,,"4.6","0.0","0.0",,,,,,,,,,,,,
"USC00369191","VILLANOVA, PA US","40.02319","-75.37087","118.9","2020-04-24",,,,,"26.2","0.0","0.0",,,,,,,,,,,,,
"USC00369191","VILLANOVA, PA US","40.02319","-75.37087","118.9","2020-04-25",,,,,"1.0","0.0","0.0",,,,,,,,,,,,,
"USC00369191","VILLANOVA, PA US","40.02319","-75.37087","118.9","2020-04-26",,,,,"3.0","0.0","0.0",,,,,,,,,,,,,
"USC00369191","VILLANOVA, PA US","40.02319","-75.37087","118.9","2020-04-27",,,,,"7.1","0.0","0.0",,,,,,,,,,,,,
"USC00369191","VILLANOVA, PA US","40.02319","-75.37087","118.9","2020-04-28",,,,,"0.5","0.0","0.0",,,,,,,,,,,,,
"USC00369191","VILLANOVA, PA US","40.02319","-75.37087","118.9","2020-04-29",,,,,"0.0","0.0","0.0",,,,,,,,,,,,,
"USC00369191","VILLANOVA, PA US","40.02319","-75.37087","118.9","2020-04-30",,,,,"0.5","0.0","0.0",,,,,,,,,,,,,
"USC00369191","VILLANOVA, PA US","40.02319","-75.37087","118.9","2020-05-04",,,,,"0.0","0.0","0.0",,,,,,,,,,,,,
"USC00369191","VILLANOVA, PA US","40.02319","-75.37087","118.9","2020-05-05",,,,,"0.0","0.0","0.0",,,,,,,,,,,,,
"USC00369191","VILLANOVA, PA US","40.02319","-75.37087","118.9","2020-05-06",,,,,"0.0","0.0","0.0",,,,,,,,,,,,,
"USC00369191","VILLANOVA, PA US","40.02319","-75.37087","118.9","2020-05-07",,,,,"3.3","0.0","0.0",,,,,,,,,,,,,
"USC00369191","VILLANOVA, PA US","40.02319","-75.37087","118.9","2020-05-08",,,,,"0.3","0.0","0.0",,,,,,,,,,,,,
"USC00369191","VILLANOVA, PA US","40.02319","-75.37087","118.9","2020-05-09",,,,,"15.0","0.0","0.0",,,,,,,,,,,,,
"USC00369191","VILLANOVA, PA US","40.02319","-75.37087","118.9","2020-05-10",,,,,"0.5","0.0","0.0",,,,,,,,,,,,,
"USC00369191","VILLANOVA, PA US","40.02319","-75.37087","118.9","2020-05-11",,,,,"0.0","0.0","0.0",,,,,,,,,,,,,
"USC00369191","VILLANOVA, PA US","40.02319","-75.37087","118.9","2020-05-12",,,,,"1.5","0.0","0.0",,,,,,,,,,,,,
"USC00369191","VILLANOVA, PA US","40.02319","-75.37087","118.9","2020-05-13",,,,,"0.3","0.0","0.0",,,,,,,,,,,,,
"USC00369191","VILLANOVA, PA US","40.02319","-75.37087","118.9","2020-05-14",,,,,"0.0","0.0","0.0",,,,,,,,,,,,,
"USC00369191","VILLANOVA, PA US","40.02319","-75.37087","118.9","2020-05-15",,,,,"0.0","0.0","0.0",,,,,,,,,,,,,
"USC00369191","VILLANOVA, PA US","40.02319","-75.37087","118.9","2020-05-16",,,,,"0.0","0.0","0.0",,,,,,,,,,,,,
"USC00369191","VILLANOVA, PA US","40.02319","-75.37087","118.9","2020-05-17",,,,,"0.0","0.0","0.0",,,,,,,,,,,,,
"USC00369191","VILLANOVA, PA US","40.02319","-75.37087","118.9","2020-05-18",,,,,"0.0","0.0","0.0",,,,,,,,,,,,,
"USC00369191","VILLANOVA, PA US","40.02319","-75.37087","118.9","2020-05-19",,,,,"0.0","0.0","0.0",,,,,,,,,,,,,
"USC00369191","VILLANOVA, PA US","40.02319","-75.37087","118.9","2020-05-20",,,,,"0.0","0.0","0.0",,,,,,,,,,,,,
"USC00369191","VILLANOVA, PA US","40.02319","-75.37087","118.9","2020-05-21",,,,,"0.0","0.0","0.0",,,,,,,,,,,,,
"USC00369191","VILLANOVA, PA US","40.02319","-75.37087","118.9","2020-05-22",,,,,"0.0","0.0","0.0",,,,,,,,,,,,,
"USC00369191","VILLANOVA, PA US","40.02319","-75.37087","118.9","2020-05-25",,,,,"0.0","0.0","0.0",,,,,,,,,,,,,
"USC00369191","VILLANOVA, PA US","40.02319","-75.37087","118.9","2020-05-26",,,,,"0.0","0.0","0.0",,,,,,,,,,,,,
"USC00369191","VILLANOVA, PA US","40.02319","-75.37087","118.9","2020-05-27",,,,,"0.0","0.0","0.0",,,,,,,,,,,,,
"USC00369191","VILLANOVA, PA US","40.02319","-75.37087","118.9","2020-05-28",,,,,"0.8","0.0","0.0",,,,,,,,,,,,,
"USC00369191","VILLANOVA, PA US","40.02319","-75.37087","118.9","2020-06-02",,,,,"0.0","0.0","0.0",,,,,,,,,,,,,
"USC00369191","VILLANOVA, PA US","40.02319","-75.37087","118.9","2020-06-03",,,,,"0.0","0.0","0.0",,,,,,,,,,,,,
"USC00369191","VILLANOVA, PA US","40.02319","-75.37087","118.9","2020-06-04",,,,,"25.9","0.0","0.0",,,,,,,,,,,,,
"USC00369191","VILLANOVA, PA US","40.02319","-75.37087","118.9","2020-06-05",,,,,"13.0","0.0","0.0",,,,,,,,,,,,,
"USW00013739","PHILADELPHIA INTERNATIONAL AIRPORT, PA US","39.87327","-75.22678","3.0","2019-09-06","5.9",,,,"1.8","0.0","0.0","19.1","20.6","15.6","   40","   40","10.7","13.4","    1",,,,,
"USW00013739","PHILADELPHIA INTERNATIONAL AIRPORT, PA US","39.87327","-75.22678","3.0","2019-09-07","3.8",,,,"0.0","0.0","0.0","18.9","26.1","14.4","  310","  310","8.1","11.2",,,,,,
"USW00013739","PHILADELPHIA INTERNATIONAL AIRPORT, PA US","39.87327","-75.22678","3.0","2019-09-08","2.3",,,,"0.0","0.0","0.0","22.3","27.8","16.1","  300","  300","5.8","8.9",,,,,,
"USW00013739","PHILADELPHIA INTERNATIONAL AIRPORT, PA US","39.87327","-75.22678","3.0","2019-09-09","1.8",,,,"0.0","0.0","0.0","23.7","28.9","19.4","  120","  120","5.8","7.2",,,,,,
"USW00013739","PHILADELPHIA INTERNATIONAL AIRPORT, PA US","39.87327","-75.22678","3.0","2019-09-10","2.7",,,,"0.0","0.0","0.0","23.0","28.9","18.3","  210","  180","6.3","7.6",,,,,,
"USW00013739","PHILADELPHIA INTERNATIONAL AIRPORT, PA US","39.87327","-75.22678","3.0","2019-09-11","4.2",,,,"1.5","0.0","0.0","24.9","32.2","20.0","  250","  240","9.4","9.8",,,"    1",,,"    1"
"USW00013739","PHILADELPHIA INTERNATIONAL AIRPORT, PA US","39.87327","-75.22678","3.0","2019-09-12","4.7",,,,"1.3","0.0","0.0","26.6","31.1","18.9","  330","  330","15.7","17.4","    1",,,,,"    1"
"USW00013739","PHILADELPHIA INTERNATIONAL AIRPORT, PA US","39.87327","-75.22678","3.0","2019-09-13","5.2",,,,"0.0","0.0","0.0","19.6","22.8","17.2","  110","   90","9.4","11.6",,,,,,
"USW00013739","PHILADELPHIA INTERNATIONAL AIRPORT, PA US","39.87327","-75.22678","3.0","2019-09-14","3.6",,,,"2.0","0.0","0.0","20.4","26.1","16.1","  200","  190","6.7","9.4","    1",,,,,
"USW00013739","PHILADELPHIA INTERNATIONAL AIRPORT, PA US","39.87327","-75.22678","3.0","2019-09-15","2.3",,,,"1.5","0.0","0.0","24.3","28.9","20.0","  290","  240","5.4","7.6","    1",,,,,
"USW00013739","PHILADELPHIA INTERNATIONAL AIRPORT, PA US","39.87327","-75.22678","3.0","2019-09-16","1.9",,,,"0.0","0.0","0.0","24.0","28.9","19.4","   90","   90","5.8","6.7",,,,,,
"USW00013739","PHILADELPHIA INTERNATIONAL AIRPORT, PA US","39.87327","-75.22678","3.0","2019-09-17","3.3",,,,"0.0","0.0","0.0","22.8","27.2","15.6","   50","   50","7.6","11.2",,,,,,
"USW00013739","PHILADELPHIA INTERNATIONAL AIRPORT, PA US","39.87327","-75.22678","3.0","2019-09-18","3.0",,,,"0.0","0.0","0.0","19.4","24.4","13.9","   90","   10","7.2","11.2",,,,,,
"USW00013739","PHILADELPHIA INTERNATIONAL AIRPORT, PA US","39.87327","-75.22678","3.0","2019-09-19","2.6",,,,"0.0","0.0","0.0","16.7","22.2","11.7","   30","   30","6.3","9.4",,,,,,
"USW00013739","PHILADELPHIA INTERNATIONAL AIRPORT, PA US","39.87327","-75.22678","3.0","2019-09-20","3.3",,,,"0.0","0.0","0.0","18.1","25.6","12.8","  220","  220","6.7","8.5",,,,,,
"USW00013739","PHILADELPHIA INTERNATIONAL AIRPORT, PA US","39.87327","-75.22678","3.0","2019-09-21","2.4",,,,"0.0","0.0","0.0","21.3","29.4","15.0","  220","  210","5.4","7.6",,,,,,
"USW00013739","PHILADELPHIA INTERNATIONAL AIRPORT, PA US","39.87327","-75.22678","3.0","2019-09-22","2.3",,,,"0.0","0.0","0.0","23.6","31.7","17.2","  230","  190","6.7","10.7",,,,,,
"USW00013739","PHILADELPHIA INTERNATIONAL AIRPORT, PA US","39.87327","-75.22678","3.0","2019-09-23","5.1",,,,"6.1","0.0","0.0","25.8","33.3","21.1","  230","  210","9.8","12.5","    1",,,,,
"USW00013739","PHILADELPHIA INTERNATIONAL AIRPORT, PA US","39.87327","-75.22678","3.0","2019-09-24","4.1",,,,"0.0","0.0","0.0","23.6","25.6","17.8","  300","  310","8.1","11.2",,,,,,
"USW00013739","PHILADELPHIA INTERNATIONAL AIRPORT, PA US","39.87327","-75.22678","3.0","2019-09-25","2.4",,,,"0.0","0.0","0.0","20.8","27.2","15.0","  220","  320","6.3","8.9",,,,,,
"USW00013739","PHILADELPHIA INTERNATIONAL AIRPORT, PA US","39.87327","-75.22678","3.0","2019-09-26","3.5",,,,"0.3","0.0","0.0","21.5","29.4","16.7","  330","  330","10.3","13.4",,,,,,
"USW00013739","PHILADELPHIA INTERNATIONAL AIRPORT, PA US","39.87327","-75.22678","3.0","2019-09-27","2.2",,,,"0.0","0.0","0.0","20.3","26.1","14.4","  240","   80","5.8","7.6",,,,,,
"USW00013739","PHILADELPHIA INTERNATIONAL AIRPORT, PA US","39.87327","-75.22678","3.0","2019-09-28","3.0",,,,"4.1","0.0","0.0","22.2","29.4","16.7","  240","  240","7.6","9.4","    1",,"    1",,,
"USW00013739","PHILADELPHIA INTERNATIONAL AIRPORT, PA US","39.87327","-75.22678","3.0","2019-09-29","3.2",,,,"0.0","0.0","0.0","24.3","27.8","19.4","   30","  340","8.1","10.7","    1",,,,,
"USW00013739","PHILADELPHIA INTERNATIONAL AIRPORT, PA US","39.87327","-75.22678","3.0","2019-09-30","3.4",,,,"0.0","0.0","0.0","20.3","23.9","16.7","  130","  100","6.3","8.5",,,,,,
"USW00013739","PHILADELPHIA INTERNATIONAL AIRPORT, PA US","39.87327","-75.22678","3.0","2019-10-01","3.7",,,,"0.0","0.0","0.0","21.8","28.9","18.3","  220","  200","7.2","9.4",,,,,,
"USW00013739","PHILADELPHIA INTERNATIONAL AIRPORT, PA US","39.87327","-75.22678","3.0","2019-10-02","4.9",,,,"0.0","0.0","0.0","26.1","35.0","21.1","   10","   20","8.9","11.6",,,,,,
"USW00013739","PHILADELPHIA INTERNATIONAL AIRPORT, PA US","39.87327","-75.22678","3.0","2019-10-03","4.4",,,,"1.3","0.0","0.0","20.2","23.9","16.7","   80","   80","8.9","12.1","    1",,,,,
"USW00013739","PHILADELPHIA INTERNATIONAL AIRPORT, PA US","39.87327","-75.22678","3.0","2019-10-04","6.2",,,,"1.0","0.0","0.0","17.7","21.7","10.0","  350","  360","11.6","15.2","    1",,,,,
"USW00013739","PHILADELPHIA INTERNATIONAL AIRPORT, PA US","39.87327","-75.22678","3.0","2019-10-05","4.7",,,,"0.0","0.0","0.0","11.9","17.8","7.8","   40","   40","9.4","12.1",,,,,,
"USW00013739","PHILADELPHIA INTERNATIONAL AIRPORT, PA US","39.87327","-75.22678","3.0","2019-10-06","4.1",,,,"0.0","0.0","0.0","17.1","23.3","12.2","  190","  180","8.1","14.3",,,,,,
"USW00013739","PHILADELPHIA INTERNATIONAL AIRPORT, PA US","39.87327","-75.22678","3.0","2019-10-07","5.7",,,,"0.0","0.0","0.0","23.1","27.8","16.1","  230","  200","9.4","12.5","    1",,,,,"    1"
"USW00013739","PHILADELPHIA INTERNATIONAL AIRPORT, PA US","39.87327","-75.22678","3.0","2019-10-08","5.7",,,,"0.5","0.0","0.0","17.0","18.9","14.4","   40","   40","9.8","12.1","    1",,,,,"    1"
"USW00013739","PHILADELPHIA INTERNATIONAL AIRPORT, PA US","39.87327","-75.22678","3.0","2019-10-09","5.9",,,,"2.5","0.0","0.0","14.3","15.0","11.7","   30","   30","9.8","12.5","    1",,,,,
"USW00013739","PHILADELPHIA INTERNATIONAL AIRPORT, PA US","39.87327","-75.22678","3.0","2019-10-10","5.2",,,,"0.0","0.0","0.0","15.6","23.9","11.1","   20","  350","9.4","12.5",,,,,,
"USW00013739","PHILADELPHIA INTERNATIONAL AIRPORT, PA US","39.87327","-75.22678","3.0","2019-10-11","4.9",,,,"0.0","0.0","0.0","16.5","20.6","11.1","   20","   20","9.4","12.1",,,,,,
"USW00013739","PHILADELPHIA INTERNATIONAL AIRPORT, PA US","39.87327","-75.22678","3.0","2019-10-12","3.0",,,,"0.0","0.0","0.0","15.7","21.1","10.6","  280","  290","5.8","7.2",,,,,,
"USW00013739","PHILADELPHIA INTERNATIONAL AIRPORT, PA US","39.87327","-75.22678","3.0","2019-10-13","2.7",,,,"0.3","0.0","0.0","15.6","20.6","10.0","  150","   30","5.8","8.9","    1",,,,,
"USW00013739","PHILADELPHIA INTERNATIONAL AIRPORT, PA US","39.87327","-75.22678","3.0","2019-10-14","2.9",,,,"0.0","0.0","0.0","17.4","23.3","14.4","  250","  270","8.1","13.0","    1",,,,,
"USW00013739","PHILADELPHIA INTERNATIONAL AIRPORT, PA US","39.87327","-75.22678","3.0","2019-10-15","2.1",,,,"0.0","0.0","0.0","15.5","20.0","10.0","  100","   20","4.5","8.1",,,,,,
"USW00013739","PHILADELPHIA INTERNATIONAL AIRPORT, PA US","39.87327","-75.22678","3.0","2019-10-16","5.0",,,,"29.0","0.0","0.0","14.6","18.9","10.6","  300","  290","13.9","19.2","    1",,,,,
"USW00013739","PHILADELPHIA INTERNATIONAL AIRPORT, PA US","39.87327","-75.22678","3.0","2019-10-17","9.3",,,,"0.0","0.0","0.0","12.9","15.6","11.1","  270","  290","16.1","20.1",,,,,,
"USW00013739","PHILADELPHIA INTERNATIONAL AIRPORT, PA US","39.87327","-75.22678","3.0","2019-10-18","4.6",,,,"0.0","0.0","0.0","12.2","16.1","7.8","  340","  330","10.3","13.0",,,,,,
"USW00013739","PHILADELPHIA INTERNATIONAL AIRPORT, PA US","39.87327","-75.22678","3.0","2019-10-19","2.2",,,,"0.0","0.0","0.0","11.2","17.2","5.0","  220","  200","5.4","9.8",,,,,,
"USW00013739","PHILADELPHIA INTERNATIONAL AIRPORT, PA US","39.87327","-75.22678","3.0","2019-10-20","4.3",,,,"13.0","0.0","0.0","11.7","13.3","8.9","   40","   40","8.9","11.6","    1",,,,,
"USW00013739","PHILADELPHIA INTERNATIONAL AIRPORT, PA US","39.87327","-75.22678","3.0","2019-10-21","3.7",,,,"0.0","0.0","0.0","14.4","21.1","10.0","   10","   10","7.2","10.3",,,,,,
"USW00013739","PHILADELPHIA INTERNATIONAL AIRPORT, PA US","39.87327","-75.22678","3.0","2019-10-22","3.4",,,,"16.3","0.0","0.0","15.7","18.3","13.3","  120","  120","8.1","9.8","    1",,,,,"    1"
"USW00013739","PHILADELPHIA INTERNATIONAL AIRPORT, PA US","39.87327","-75.22678","3.0","2019-10-23","4.2",,,,"0.0","0.0","0.0","16.1","18.9","10.6","  280","  300","9.8","12.1",,,,,,
"USW00013739","PHILADELPHIA INTERNATIONAL AIRPORT, PA US","39.87327","-75.22678","3.0","2019-10-24","2.3",,,,"0.0","0.0","0.0","13.3","20.0","7.2","  230","  190","6.3","9.8",,,,,,
"USW00013739","PHILADELPHIA INTERNATIONAL AIRPORT, PA US","39.87327","-75.22678","3.0","2019-10-25","1.6",,,,"0.0","0.0","0.0","13.9","19.4","8.3","  240","  190","5.4","8.1",,,,,,
"USW00013739","PHILADELPHIA INTERNATIONAL AIRPORT, PA US","39.87327","-75.22678","3.0","2019-10-26","2.8",,,,"0.0","0.0","0.0","15.3","18.3","11.7","   40","   70","6.3","8.5",,,,,,
"USW00013739","PHILADELPHIA INTERNATIONAL AIRPORT, PA US","39.87327","-75.22678","3.0","2019-10-27","5.8",,,,"16.3","0.0","0.0","17.3","23.3","13.3","  240","  230","11.2","14.3","    1",,,,,
"USW00013739","PHILADELPHIA INTERNATIONAL AIRPORT, PA US","39.87327","-75.22678","3.0","2019-10-28","3.1",,,,"0.0","0.0","0.0","16.1","20.6","11.7","  110","  110","6.7","8.1",,,,,,
"USW00013739","PHILADELPHIA INTERNATIONAL AIRPORT, PA US","39.87327","-75.22678","3.0","2019-10-29","1.5",,,,"0.3","0.0","0.0","14.2","16.7","12.2","  340","  340","4.5","7.2","    1",,,,,"    1"
"USW00013739","PHILADELPHIA INTERNATIONAL AIRPORT, PA US","39.87327","-75.22678","3.0","2019-10-30","1.3",,,,"3.0","0.0","0.0","16.0","18.3","15.0","  180","   10","4.0","7.6","    1",,,,,"    1"
"USW00013739","PHILADELPHIA INTERNATIONAL AIRPORT, PA US","39.87327","-75.22678","3.0","2019-10-31","6.7",,,,"15.0","0.0","0.0","19.7","23.9","12.2","  270","  280","16.1","21.0","    1",,,,,
"USW00013739","PHILADELPHIA INTERNATIONAL AIRPORT, PA US","39.87327","-75.22678","3.0","2019-11-01","6.5",,,,"1.5","0.0","0.0","12.3","12.2","5.0","  280","  280","13.9","17.9",,,,,,
"USW00013739","PHILADELPHIA INTERNATIONAL AIRPORT, PA US","39.87327","-75.22678","3.0","2019-11-02","3.1",,,,"0.0","0.0","0.0","7.2","12.2","2.2","  280","  290","6.3","7.2",,,,,,
"USW00013739","PHILADELPHIA INTERNATIONAL AIRPORT, PA US","39.87327","-75.22678","3.0","2019-11-03","3.8",,,,"0.0","0.0","0.0","8.1","11.7","3.3","  280","  300","8.9","10.7",,,,,,
"USW00013739","PHILADELPHIA INTERNATIONAL AIRPORT, PA US","39.87327","-75.22678","3.0","2019-11-04","2.5",,,,"0.0","0.0","0.0","8.4","15.0","1.7","  190","  190","7.6","11.2",,,,,,
"USW00013739","PHILADELPHIA INTERNATIONAL AIRPORT, PA US","39.87327","-75.22678","3.0","2019-11-05","2.6",,,,"0.0","0.0","0.0","11.2","17.2","6.1","  250","  250","8.9","9.8",,,,,,
"USW00013739","PHILADELPHIA INTERNATIONAL AIRPORT, PA US","39.87327","-75.22678","3.0","2019-11-06","3.6",,,,"0.0","0.0","0.0","11.1","13.9","5.6","  310","  310","9.8","13.0",,,,,,
"USW00013739","PHILADELPHIA INTERNATIONAL AIRPORT, PA US","39.87327","-75.22678","3.0","2019-11-07","4.8",,,,"2.0","0.0","0.0","10.4","15.6","5.6","  350","  350","9.8","13.4",,,,,,
"USW00013739","PHILADELPHIA INTERNATIONAL AIRPORT, PA US","39.87327","-75.22678","3.0","2019-11-08","5.6",,,,"0.0","0.0","0.0","4.7","5.6","-1.0","  330","  320","11.6","15.7",,,,,,
"USW00013739","PHILADELPHIA INTERNATIONAL AIRPORT, PA US","39.87327","-75.22678","3.0","2019-11-09","2.1",,,,"0.0","0.0","0.0","1.2","6.1","-3.8","   10","   10","5.8","7.2",,,,,,
"USW00013739","PHILADELPHIA INTERNATIONAL AIRPORT, PA US","39.87327","-75.22678","3.0","2019-11-10","3.1",,,,"0.0","0.0","0.0","5.9","13.3","1.1","  240","  240","7.6","9.8",,,,,,
"USW00013739","PHILADELPHIA INTERNATIONAL AIRPORT, PA US","39.87327","-75.22678","3.0","2019-11-11","1.8",,,,"0.0","0.0","0.0","10.4","18.9","3.9","  200","  200","5.4","8.5",,,,,,
"USW00013739","PHILADELPHIA INTERNATIONAL AIRPORT, PA US","39.87327","-75.22678","3.0","2019-11-12","6.1",,,,"2.5","0.0","0.0","8.6","14.4","-3.2","  330","  320","13.0","16.5","    1",,,,,
"USW00013739","PHILADELPHIA INTERNATIONAL AIRPORT, PA US","39.87327","-75.22678","3.0","2019-11-13","4.9",,,,"0.0","0.0","0.0","-1.7","1.7","-4.9","  320","  300","10.3","13.9",,,,,,
"USW00013739","PHILADELPHIA INTERNATIONAL AIRPORT, PA US","39.87327","-75.22678","3.0","2019-11-14","3.2",,,,"0.0","0.0","0.0","1.2","7.2","-3.2","  210","  220","8.1","10.3",,,,,,
"USW00013739","PHILADELPHIA INTERNATIONAL AIRPORT, PA US","39.87327","-75.22678","3.0","2019-11-15","2.6",,,,"0.0","0.0","0.0","5.2","11.1","-0.5","  360","  360","9.4","11.6",,,,,,
"USW00013739","PHILADELPHIA INTERNATIONAL AIRPORT, PA US","39.87327","-75.22678","3.0","2019-11-16","6.5",,,,"0.0","0.0","0.0","4.8","6.7","0.6","   30","   40","11.6","14.8",,,,,,
"USW00013739","PHILADELPHIA INTERNATIONAL AIRPORT, PA US","39.87327","-75.22678","3.0","2019-11-17","7.1",,,,"0.0","0.0","0.0","2.7","6.7","0.0","   30","   40","10.3","12.5",,,,,,
"USW00013739","PHILADELPHIA INTERNATIONAL AIRPORT, PA US","39.87327","-75.22678","3.0","2019-11-18","3.9",,,,"0.0","0.0","0.0","4.8","6.7","2.8","   30","  360","8.9","12.1","    1",,,,,"    1"
"USW00013739","PHILADELPHIA INTERNATIONAL AIRPORT, PA US","39.87327","-75.22678","3.0","2019-11-19","2.2",,,,"0.0","0.0","0.0","6.8","11.1","3.9","   10","   20","5.8","7.6","    1",,,,,
"USW00013739","PHILADELPHIA INTERNATIONAL AIRPORT, PA US","39.87327","-75.22678","3.0","2019-11-20","5.5",,,,"0.0","0.0","0.0","7.6","11.1","5.6","  330","  340","10.7","14.3",,,,,,
"USW00013739","PHILADELPHIA INTERNATIONAL AIRPORT, PA US","39.87327","-75.22678","3.0","2019-11-21","3.2",,,,"0.0","0.0","0.0","8.1","11.7","2.8","  200","  200","6.7","8.9",,,,,,
"USW00013739","PHILADELPHIA INTERNATIONAL AIRPORT, PA US","39.87327","-75.22678","3.0","2019-11-22","4.7",,,,"1.0","0.0","0.0","9.6","12.2","2.8","  320","  320","10.3","13.0",,,,,,
"USW00013739","PHILADELPHIA INTERNATIONAL AIRPORT, PA US","39.87327","-75.22678","3.0","2019-11-23","2.8",,,,"2.3","0.0","0.0","3.8","6.7","0.0","   70","  220","5.8","8.1","    1",,,,,
"USW00013739","PHILADELPHIA INTERNATIONAL AIRPORT, PA US","39.87327","-75.22678","3.0","2019-11-24","6.0",,,,"20.1","0.0","0.0","5.3","8.3","3.3","  300","  270","11.2","14.3","    1",,,,,
"USW00013739","PHILADELPHIA INTERNATIONAL AIRPORT, PA US","39.87327","-75.22678","3.0","2019-11-25","3.1",,,,"0.0","0.0","0.0","6.2","12.2","0.6","  280","  220","6.3","9.4",,,,,,
"USW00013739","PHILADELPHIA INTERNATIONAL AIRPORT, PA US","39.87327","-75.22678","3.0","2019-11-26","1.8",,,,"0.0","0.0","0.0","8.2","16.1","1.1","  240","  230","6.3","7.6","    1",,,,,"    1"
"USW00013739","PHILADELPHIA INTERNATIONAL AIRPORT, PA US","39.87327","-75.22678","3.0","2019-11-27","4.8",,,,"0.0","0.0","0.0","9.3","13.9","3.9","  290","  290","17.4","21.5","    1",,,,,
"USW00013739","PHILADELPHIA INTERNATIONAL AIRPORT, PA US","39.87327","-75.22678","3.0","2019-11-28","9.4",,,,"0.0","0.0","0.0","10.1","12.2","3.9","  280","  290","16.1","21.0",,,,,,"    1"
"USW00013739","PHILADELPHIA INTERNATIONAL AIRPORT, PA US","39.87327","-75.22678","3.0","2019-11-29","5.0",,,,"0.0","0.0","0.0","3.6","5.6","0.0","  340","  330","10.3","12.5",,,,,,
"USW00013739","PHILADELPHIA INTERNATIONAL AIRPORT, PA US","39.87327","-75.22678","3.0","2019-11-30","2.7",,,,"0.0","0.0","0.0","3.1","7.8","0.0","   10","  360","6.3","8.5",,,,,,
"USW00013739","PHILADELPHIA INTERNATIONAL AIRPORT, PA US","39.87327","-75.22678","3.0","2019-12-01","5.1",,,,"16.5","0.0","0.0","3.1","5.6","1.1","   30","   30","12.5","13.9","    1",,,,,
"USW00013739","PHILADELPHIA INTERNATIONAL AIRPORT, PA US","39.87327","-75.22678","3.0","2019-12-02","5.8",,,,"1.0","0.0","0.0","2.9","3.9","1.7","   10","   10","9.8","11.6","    1",,,,,
"USW00013739","PHILADELPHIA INTERNATIONAL AIRPORT, PA US","39.87327","-75.22678","3.0","2019-12-03","6.2",,,,"0.0","0.0","0.0","3.2","6.1","1.1","  320","  330","13.0","16.1",,,,,,"    1"
"USW00013739","PHILADELPHIA INTERNATIONAL AIRPORT, PA US","39.87327","-75.22678","3.0","2019-12-04","4.5",,,,"2.0","0.0","0.0","3.4","6.7","1.7","  260","  260","7.6","10.3","    1",,,,,
"USW00013739","PHILADELPHIA INTERNATIONAL AIRPORT, PA US","39.87327","-75.22678","3.0","2019-12-05","6.2",,,,"0.0","0.0","0.0","4.1","6.7","1.7","  280","  290","12.5","17.4",,,,,,
"USW00013739","PHILADELPHIA INTERNATIONAL AIRPORT, PA US","39.87327","-75.22678","3.0","2019-12-06","4.3",,,,"0.3","0.0","0.0","4.8","10.6","0.0","  340","  350","9.8","12.5",,,,,,
"USW00013739","PHILADELPHIA INTERNATIONAL AIRPORT, PA US","39.87327","-75.22678","3.0","2019-12-07","3.4",,,,"0.0","0.0","0.0","4.0","5.0","-1.6","  350","  310","8.1","10.7",,,,,,
"USW00013739","PHILADELPHIA INTERNATIONAL AIRPORT, PA US","39.87327","-75.22678","3.0","2019-12-08","2.1",,,,"0.0","0.0","0.0","1.1","6.7","-3.8","  190","  170","5.8","9.8","    1",,,,,
"USW00013739","PHILADELPHIA INTERNATIONAL AIRPORT, PA US","39.87327","-75.22678","3.0","2019-12-09","3.5",,,,"33.3","0.0","0.0","6.5","13.3","5.0","  220","  220","9.8","13.0","    1",,,,,
"USW00013739","PHILADELPHIA INTERNATIONAL AIRPORT, PA US","39.87327","-75.22678","3.0","2019-12-10","5.7",,,,"4.3","0.0","0.0","12.9","14.4","4.4","  320","  300","11.6","15.2","    1",,,,,"    1"
"USW00013739","PHILADELPHIA INTERNATIONAL AIRPORT, PA US","39.87327","-75.22678","3.0","2019-12-11","4.8",,,,"2.0","3.0","0.0","3.7","4.4","0.0","  260","  250","9.4","12.1","    1",,,,,
"USW00013739","PHILADELPHIA INTERNATIONAL AIRPORT, PA US","39.87327","-75.22678","3.0","2019-12-12","3.0",,,,"0.0","0.0","0.0","0.3","3.9","-3.2","  320","  320","9.4","11.2",,,,,,
"USW00013739","PHILADELPHIA INTERNATIONAL AIRPORT, PA US","39.87327","-75.22678","3.0","2019-12-13","3.2",,,,"13.0","0.0","0.0","2.5","10.0","-1.6","   30","   30","6.7","11.2","    1",,,,,
"USW00013739","PHILADELPHIA INTERNATIONAL AIRPORT, PA US","39.87327","-75.22678","3.0","2019-12-14","5.3",,,,"4.3","0.0","0.0","10.2","12.8","6.7","  260","  260","13.4","17.0","    1","    1",,,,
"USW00013739","PHILADELPHIA INTERNATIONAL AIRPORT, PA US","39.87327","-75.22678","3.0","2019-12-15","6.8",,,,"0.0","0.0","0.0","7.4","10.0","2.8","  260","  260","13.4","17.0",,,,,,
"USW00013739","PHILADELPHIA INTERNATIONAL AIRPORT, PA US","39.87327","-75.22678","3.0","2019-12-16","2.9",,,,"9.7","0.0","0.0","2.5","3.3","0.6","   30","   40","5.8","8.5","    1",,,,,
"USW00013739","PHILADELPHIA INTERNATIONAL AIRPORT, PA US","39.87327","-75.22678","3.0","2019-12-17","4.2",,,,"20.8","0.0","0.0","1.9","3.3","1.1","  330","  330","8.1","11.2","    1",,,,,
"USW00013739","PHILADELPHIA INTERNATIONAL AIRPORT, PA US","39.87327","-75.22678","3.0","2019-12-18","7.4",,,,"0.0","0.0","0.0","2.0","3.9","-4.3","  310","  310","13.9","17.4",,,,,,
"USW00013739","PHILADELPHIA INTERNATIONAL AIRPORT, PA US","39.87327","-75.22678","3.0","2019-12-19","5.5",,,,"0.0","0.0","0.0","-4.1","-1.6","-7.1","  310","  310","11.2","15.2",,,,,,
"USW00013739","PHILADELPHIA INTERNATIONAL AIRPORT, PA US","39.87327","-75.22678","3.0","2019-12-20","3.1",,,,"0.0","0.0","0.0","-2.2","2.2","-6.0","  340","  340","7.6","10.3",,,,,,
"USW00013739","PHILADELPHIA INTERNATIONAL AIRPORT, PA US","39.87327","-75.22678","3.0","2019-12-21","1.7",,,,"0.0","0.0","0.0","-1.4","2.2","-5.5","   40","   20","4.0","6.3",,,,,,
"USW00013739","PHILADELPHIA INTERNATIONAL AIRPORT, PA US","39.87327","-75.22678","3.0","2019-12-22","2.9",,,,"0.0","0.0","0.0","0.7","8.9","-4.3","  240","  240","6.3","7.2",,,,,,"    1"
"USW00013739","PHILADELPHIA INTERNATIONAL AIRPORT, PA US","39.87327","-75.22678","3.0","2019-12-23","2.8",,,,"0.0","0.0","0.0","3.6","10.6","-1.0","  240","  240","6.3","7.6","    1",,,,,"    1"
"USW00013739","PHILADELPHIA INTERNATIONAL AIRPORT, PA US","39.87327","-75.22678","3.0","2019-12-24","3.3",,,,"0.0","0.0","0.0","5.2","11.1","-0.5","   10","  350","7.6","11.6",,,,,,
"USW00013739","PHILADELPHIA INTERNATIONAL AIRPORT, PA US","39.87327","-75.22678","3.0","2019-12-25","0.9",,,,"0.0","0.0","0.0","2.9","8.3","-2.7","   40","   40","3.6","4.9",,,,,,
"USW00013739","PHILADELPHIA INTERNATIONAL AIRPORT, PA US","39.87327","-75.22678","3.0","2019-12-26","1.7",,,,"0.0","0.0","0.0","2.9","10.0","-2.7","   40","   40","4.5","6.3","    1",,,,,
"USW00013739","PHILADELPHIA INTERNATIONAL AIRPORT, PA US","39.87327","-75.22678","3.0","2019-12-27","2.6",,,,"0.0","0.0","0.0","7.7","12.2","5.0","  240","  240","6.7","8.1",,,,,,
"USW00013739","PHILADELPHIA INTERNATIONAL AIRPORT, PA US","39.87327","-75.22678","3.0","2019-12-28","1.4",,,,"0.0","0.0","0.0","7.8","13.3","1.1","  340","  360","5.4","6.7","    1",,,,,"    1"
"USW00013739","PHILADELPHIA INTERNATIONAL AIRPORT, PA US","39.87327","-75.22678","3.0","2019-12-29","2.1",,,,"9.1","0.0","0.0","5.4","8.9","1.1","   40","   80","5.8","10.3","    1",,,,,"    1"
"USW00013739","PHILADELPHIA INTERNATIONAL AIRPORT, PA US","39.87327","-75.22678","3.0","2019-12-30","6.0",,,,"16.0","0.0","0.0","7.2","8.3","4.4","   40","   40","11.6","14.8","    1",,,,,
"USW00013739","PHILADELPHIA INTERNATIONAL AIRPORT, PA US","39.87327","-75.22678","3.0","2019-12-31","4.1",,,,"0.0","0.0","0.0","5.4","8.3","3.9","  290","  290","8.9","11.6",,,,,,
"USW00013739","PHILADELPHIA INTERNATIONAL AIRPORT, PA US","39.87327","-75.22678","3.0","2020-01-01","4.1",,,,"0.0","0.0","0.0",,"5.6","-1.6","  290","  310","9.4","12.1",,,,,,
"USW00013739","PHILADELPHIA INTERNATIONAL AIRPORT, PA US","39.87327","-75.22678","3.0","2020-01-02","1.8",,,,"0.0","0.0","0.0","2.4","8.3","-2.7","  190","  190","5.8","7.6",,,,,,
"USW00013739","PHILADELPHIA INTERNATIONAL AIRPORT, PA US","39.87327","-75.22678","3.0","2020-01-03","2.0",,,,"5.3","0.0","0.0","7.6","9.4","6.1","  280","  190","4.5","5.8","    1","    1",,,,
"USW00013739","PHILADELPHIA INTERNATIONAL AIRPORT, PA US","39.87327","-75.22678","3.0","2020-01-04","3.2",,,,"3.8","0.0","0.0","9.5","12.2","5.6","  330","  320","10.3","14.3","    1","    1",,,,
"USW00013739","PHILADELPHIA INTERNATIONAL AIRPORT, PA US","39.87327","-75.22678","3.0","2020-01-05","7.3",,,,"0.0","0.0","0.0","5.2","5.6","1.7","  310","  320","14.8","17.9",,,,,,
"USW00013739","PHILADELPHIA INTERNATIONAL AIRPORT, PA US","39.87327","-75.22678","3.0","2020-01-06","4.3",,,,"0.0","0.0","0.0","4.2","10.6","1.7","  270","  270","9.4","11.2",,,,,,
"USW00013739","PHILADELPHIA INTERNATIONAL AIRPORT, PA US","39.87327","-75.22678","3.0","2020-01-07","3.0",,,,"3.3","0.0","0.0","4.0","7.8","0.0","  320","   20","6.3","10.3","    1",,,,,
"USW00013739","PHILADELPHIA INTERNATIONAL AIRPORT, PA US","39.87327","-75.22678","3.0","2020-01-08","7.3",,,,"0.0","0.0","0.0","1.8","5.0","-1.0","  310","  300","14.8","18.8","    1",,,,,
"USW00013739","PHILADELPHIA INTERNATIONAL AIRPORT, PA US","39.87327","-75.22678","3.0","2020-01-09","2.9",,,,"0.0","0.0","0.0","-1.3","1.1","-4.9","  310","  310","8.9","12.1",,,,,,
"USW00013739","PHILADELPHIA INTERNATIONAL AIRPORT, PA US","39.87327","-75.22678","3.0","2020-01-10","2.2",,,,"0.0","0.0","0.0","3.5","12.8","-2.1","  220","  230","7.2","9.4",,,,,,
"USW00013739","PHILADELPHIA INTERNATIONAL AIRPORT, PA US","39.87327","-75.22678","3.0","2020-01-11","4.5",,,,"0.0","0.0","0.0","13.1","19.4","7.8","  190","  220","9.4","12.5",,,,,,
"USW00013739","PHILADELPHIA INTERNATIONAL AIRPORT, PA US","39.87327","-75.22678","3.0","2020-01-12","7.2",,,,"5.1","0.0","0.0","17.7","19.4","6.1","  270","  270","16.1","19.2","    1",,,,,
"USW00013739","PHILADELPHIA INTERNATIONAL AIRPORT, PA US","39.87327","-75.22678","3.0","2020-01-13","2.2",,,,"0.0","0.0","0.0","7.6","8.9","3.3","   80","   30","5.4","7.2",,,,,,
"USW00013739","PHILADELPHIA INTERNATIONAL AIRPORT, PA US","39.87327","-75.22678","3.0","2020-01-14","1.6",,,,"0.8","0.0","0.0","5.3","7.8","2.8","   80","  360","4.5","6.3","    1",,,,,"    1"
"USW00013739","PHILADELPHIA INTERNATIONAL AIRPORT, PA US","39.87327","-75.22678","3.0","2020-01-15","2.7",,,,"0.0","0.0","0.0","8.0","12.2","3.3","  340","  330","6.7","8.5","    1","    1",,,,"    1"
"USW00013739","PHILADELPHIA INTERNATIONAL AIRPORT, PA US","39.87327","-75.22678","3.0","2020-01-16","7.9",,,,"0.0","0.0","0.0","7.9","10.6","1.7","  320","  310","17.0","21.9","    1",,,,,"    1"
"USW00013739","PHILADELPHIA INTERNATIONAL AIRPORT, PA US","39.87327","-75.22678","3.0","2020-01-17","7.1",,,,"0.0","0.0","0.0","0.1","1.7","-4.9","  320","  320","17.9","23.7",,,,,,
"USW00013739","PHILADELPHIA INTERNATIONAL AIRPORT, PA US","39.87327","-75.22678","3.0","2020-01-18","4.1",,,,"6.4","5.0","0.0","-3.8","3.9","-5.5","  220","  200","10.3","13.0","    1",,,"    1","    1",
"USW00013739","PHILADELPHIA INTERNATIONAL AIRPORT, PA US","39.87327","-75.22678","3.0","2020-01-19","6.4",,,,"0.8","0.0","0.0","3.4","5.6","-2.7","  290","  280","12.5","15.7",,,,,,
"USW00013739","PHILADELPHIA INTERNATIONAL AIRPORT, PA US","39.87327","-75.22678","3.0","2020-01-20","6.0",,,,"0.0","0.0","0.0","-2.3","0.6","-4.9","  330","  340","10.7","13.9",,,,,,
"USW00013739","PHILADELPHIA INTERNATIONAL AIRPORT, PA US","39.87327","-75.22678","3.0","2020-01-21","4.3",,,,"0.0","0.0","0.0","-3.2","1.7","-7.1","  340","  340","8.1","11.2",,,,,,
"USW00013739","PHILADELPHIA INTERNATIONAL AIRPORT, PA US","39.87327","-75.22678","3.0","2020-01-22","1.3",,,,"0.0","0.0","0.0","-1.2","3.9","-4.9","  240","  220","4.0","5.8",,,,,,
"USW00013739","PHILADELPHIA INTERNATIONAL AIRPORT, PA US","39.87327","-75.22678","3.0","2020-01-23","0.6",,,,"0.0","0.0","0.0","0.6","7.2","-4.3","  120","  130","2.7","4.0",,,,,,
"USW00013739","PHILADELPHIA INTERNATIONAL AIRPORT, PA US","39.87327","-75.22678","3.0","2020-01-24","3.1",,,,"0.0","0.0","0.0","4.7","13.9","-2.1","   80","   80","7.6","9.8",,,,,,
"USW00013739","PHILADELPHIA INTERNATIONAL AIRPORT, PA US","39.87327","-75.22678","3.0","2020-01-25","5.6",,,,"40.6","0.0","0.0","7.8","11.1","2.2","  100","  100","12.5","17.0","    1",,,,,
"USW00013739","PHILADELPHIA INTERNATIONAL AIRPORT, PA US","39.87327","-75.22678","3.0","2020-01-26","4.6",,,,"0.0","0.0","0.0","5.0","8.3","1.1","  270","  320","8.9","12.5",,,,,,
"USW00013739","PHILADELPHIA INTERNATIONAL AIRPORT, PA US","39.87327","-75.22678","3.0","2020-01-27","5.4",,,,"0.0","0.0","0.0","4.4","7.8","0.0","  280","  280","8.9","11.2",,,,,,
"USW00013739","PHILADELPHIA INTERNATIONAL AIRPORT, PA US","39.87327","-75.22678","3.0","2020-01-28","5.6",,,,"0.0","0.0","0.0","4.8","5.6","3.3","  310","  310","10.7","13.9",,,,,,
"USW00013739","PHILADELPHIA INTERNATIONAL AIRPORT, PA US","39.87327","-75.22678","3.0","2020-01-29","5.1",,,,"0.0","0.0","0.0","3.9","7.2","-1.0","  330","  330","7.6","11.6",,,,,,
"USW00013739","PHILADELPHIA INTERNATIONAL AIRPORT, PA US","39.87327","-75.22678","3.0","2020-01-30","3.1",,,,"0.0","0.0","0.0","0.1","3.9","-3.8","   40","   40","6.3","8.1",,,,,,
"USW00013739","PHILADELPHIA INTERNATIONAL AIRPORT, PA US","39.87327","-75.22678","3.0","2020-01-31","1.3",,,,"1.0","0.0","0.0","2.8","8.3","-2.1","  310","  320","4.0","7.2",,,,,,
"USW00013739","PHILADELPHIA INTERNATIONAL AIRPORT, PA US","39.87327","-75.22678","3.0","2020-02-01","1.6",,,,"1.3","0.0","0.0","4.2","6.7","1.7","  270","  330","3.6","7.6","    1","    1",,,,"    1"
"USW00013739","PHILADELPHIA INTERNATIONAL AIRPORT, PA US","39.87327","-75.22678","3.0","2020-02-02","3.8",,,,"0.0","0.0","0.0","3.9","6.1","1.1","  270","  270","8.9","10.3","    1",,,,,"    1"
"USW00013739","PHILADELPHIA INTERNATIONAL AIRPORT, PA US","39.87327","-75.22678","3.0","2020-02-03","3.0",,,,"0.0","0.0","0.0","6.7","16.1","0.6","  250","  250","8.9","10.3",,,,,,
"USW00013739","PHILADELPHIA INTERNATIONAL AIRPORT, PA US","39.87327","-75.22678","3.0","2020-02-04","2.2",,,,"2.5","0.0","0.0","10.1","17.8","6.1","  200","  220","5.8","7.2","    1",,,,,
"USW00013739","PHILADELPHIA INTERNATIONAL AIRPORT, PA US","39.87327","-75.22678","3.0","2020-02-05","4.2",,,,"1.3","0.0","0.0","7.9","13.3","2.2","   10","   10","10.7","13.4","    1",,,,,"    1"
"USW00013739","PHILADELPHIA INTERNATIONAL AIRPORT, PA US","39.87327","-75.22678","3.0","2020-02-06","2.0",,,,"11.9","0.0","0.0","4.4","8.3","2.2","  340","  330","7.6","9.4","    1",,,,,
"USW00013739","PHILADELPHIA INTERNATIONAL AIRPORT, PA US","39.87327","-75.22678","3.0","2020-02-07","8.0",,,,"5.8","0.0","0.0","8.1","15.6","1.7","  260","  280","19.2","23.3","    1","    1",,,,
"USW00013739","PHILADELPHIA INTERNATIONAL AIRPORT, PA US","39.87327","-75.22678","3.0","2020-02-08","4.7",,,,"0.0","0.0","0.0","2.9","7.2","-1.0","  250","  250","9.8","12.5",,,,,,
"USW00013739","PHILADELPHIA INTERNATIONAL AIRPORT, PA US","39.87327","-75.22678","3.0","2020-02-09","2.7",,,,"0.0","0.0","0.0","3.1","8.9","-1.6","  180","  200","7.2","9.8",,,,,,
"USW00013739","PHILADELPHIA INTERNATIONAL AIRPORT, PA US","39.87327","-75.22678","3.0","2020-02-10","5.0",,,,"6.6","0.0","0.0","6.3","7.8","5.6","  220","  240","10.7","14.3","    1",,,,,"    1"
"USW00013739","PHILADELPHIA INTERNATIONAL AIRPORT, PA US","39.87327","-75.22678","3.0","2020-02-11","2.8",,,,"10.9","0.0","0.0","8.4","10.6","7.2","  300","  310","8.9","12.5","    1",,,,,
"USW00013739","PHILADELPHIA INTERNATIONAL AIRPORT, PA US","39.87327","-75.22678","3.0","2020-02-12","3.3",,,,"1.5","0.0","0.0","6.7","8.3","2.8","  310","  320","8.9","12.1","    1",,,,,
"USW00013739","PHILADELPHIA INTERNATIONAL AIRPORT, PA US","39.87327","-75.22678","3.0","2020-02-13","3.2",,,,"5.6","0.0","0.0","5.3","8.9","2.2","  290","  300","9.8","12.5","    1",,,,,
"USW00013739","PHILADELPHIA INTERNATIONAL AIRPORT, PA US","39.87327","-75.22678","3.0","2020-02-14","6.4",,,,"0.0","0.0","0.0","2.8","5.0","-6.6","  300","  320","12.5","15.2",,,,,,
"USW00013739","PHILADELPHIA INTERNATIONAL AIRPORT, PA US","39.87327","-75.22678","3.0","2020-02-15","3.1",,,,"0.0","0.0","0.0","-5.1","0.0","-9.9","   10","  180","7.6","9.4",,,,,,
"USW00013739","PHILADELPHIA INTERNATIONAL AIRPORT, PA US","39.87327","-75.22678","3.0","2020-02-16","2.8",,,,"0.0","0.0","0.0","1.8","9.4","-1.6","  240","  190","5.4","7.2",,,,,,
"USW00013739","PHILADELPHIA INTERNATIONAL AIRPORT, PA US","39.87327","-75.22678","3.0","2020-02-17","2.3",,,,"0.0","0.0","0.0","6.5","11.7","2.2","   10","   10","6.3","11.2",,,,,,
"USW00013739","PHILADELPHIA INTERNATIONAL AIRPORT, PA US","39.87327","-75.22678","3.0","2020-02-18","3.3",,,,"0.0","0.0","0.0","7.4","16.1","1.7","  240","  210","6.3","8.9",,,,,,
"USW00013739","PHILADELPHIA INTERNATIONAL AIRPORT, PA US","39.87327","-75.22678","3.0","2020-02-19","5.5",,,,"0.0","0.0","0.0","9.4","11.7","2.2","  320","  300","10.7","13.9",,,,,,
"USW00013739","PHILADELPHIA INTERNATIONAL AIRPORT, PA US","39.87327","-75.22678","3.0","2020-02-20","3.9",,,,"0.0","0.0","0.0","2.1","3.3","-1.6","  360","   20","8.9","11.6",,,,,,
"USW00013739","PHILADELPHIA INTERNATIONAL AIRPORT, PA US","39.87327","-75.22678","3.0","2020-02-21","4.3",,,,"0.0","0.0","0.0","-1.7","2.2","-6.0","   20","   10","9.4","11.6",,,,,,
"USW00013739","PHILADELPHIA INTERNATIONAL AIRPORT, PA US","39.87327","-75.22678","3.0","2020-02-22","5.1",,,,"0.0","0.0","0.0","2.2","10.6","-4.3","  240","  240","8.9","10.3",,,,,,
"USW00013739","PHILADELPHIA INTERNATIONAL AIRPORT, PA US","39.87327","-75.22678","3.0","2020-02-23","2.8",,,,"0.0","0.0","0.0","5.4","13.3","-2.1","  220","  200","6.7","10.3",,,,,,
"USW00013739","PHILADELPHIA INTERNATIONAL AIRPORT, PA US","39.87327","-75.22678","3.0","2020-02-24","1.6",,,,"0.0","0.0","0.0","6.6","15.6","-1.0","  200","  200","6.3","8.5",,,,,,
"USW00013739","PHILADELPHIA INTERNATIONAL AIRPORT, PA US","39.87327","-75.22678","3.0","2020-02-25","2.1",,,,"4.3","0.0","0.0","9.0","10.0","6.7","  210","  200","5.8","8.1","    1",,,,,
"USW00013739","PHILADELPHIA INTERNATIONAL AIRPORT, PA US","39.87327","-75.22678","3.0","2020-02-26","3.2",,,,"5.3","0.0","0.0","8.8","11.1","7.2","   90","  100","7.6","9.8","    1",,"    1",,,
"USW00013739","PHILADELPHIA INTERNATIONAL AIRPORT, PA US","39.87327","-75.22678","3.0","2020-02-27","10.4",,,,"5.3","0.0","0.0","5.9","8.9","0.0","  270","  260","16.1","20.6","    1",,,,,
"USW00013739","PHILADELPHIA INTERNATIONAL AIRPORT, PA US","39.87327","-75.22678","3.0","2020-02-28","7.1",,,,"0.0","0.0","0.0","1.8","5.6","-1.6","  240","  250","11.6","16.1",,,,,,
"USW00013739","PHILADELPHIA INTERNATIONAL AIRPORT, PA US","39.87327","-75.22678","3.0","2020-02-29","6.0",,,,"0.0","0.0","0.0","0.7","1.7","-2.7","  280","  270","11.6","14.3",,,,,,
"USW00013739","PHILADELPHIA INTERNATIONAL AIRPORT, PA US","39.87327","-75.22678","3.0","2020-03-01","5.0",,,,"0.0","0.0","0.0","1.3","7.2","-3.8","  270","  270","9.8","13.4",,,,,,
"USW00013739","PHILADELPHIA INTERNATIONAL AIRPORT, PA US","39.87327","-75.22678","3.0","2020-03-02","4.4",,,,"1.0","0.0","0.0","7.3","17.2","-1.0","  220","  210","10.3","13.4",,,,,,
"USW00013739","PHILADELPHIA INTERNATIONAL AIRPORT, PA US","39.87327","-75.22678","3.0","2020-03-03","3.2",,,,"3.0","0.0","0.0","11.2","15.6","5.0","  310","  290","15.7","19.2","    1",,,,,
"USW00013739","PHILADELPHIA INTERNATIONAL AIRPORT, PA US","39.87327","-75.22678","3.0","2020-03-04","6.5",,,,"0.0","0.0","0.0","10.7","15.0","6.1","  250","  250","10.7","13.4",,,,,,
"USW00013739","PHILADELPHIA INTERNATIONAL AIRPORT, PA US","39.87327","-75.22678","3.0","2020-03-05","3.7",,,,"0.0","0.0","0.0","9.2","11.7","3.3","  330","  320","10.3","13.9",,,,,,
"USW00013739","PHILADELPHIA INTERNATIONAL AIRPORT, PA US","39.87327","-75.22678","3.0","2020-03-06","4.1",,,,"8.9","0.0","0.0","4.9","7.2","0.6","  320","  330","7.6","10.7","    1",,,,,
"USW00013739","PHILADELPHIA INTERNATIONAL AIRPORT, PA US","39.87327","-75.22678","3.0","2020-03-07","6.9",,,,"0.0","0.0","0.0","4.4","8.3","1.7","  330","  350","13.9","20.1",,,,,,
"USW00013739","PHILADELPHIA INTERNATIONAL AIRPORT, PA US","39.87327","-75.22678","3.0","2020-03-08","4.3",,,,"0.0","0.0","0.0","6.2","15.6","-1.0","  220","  220","8.1","10.3",,,,,,
"USW00013739","PHILADELPHIA INTERNATIONAL AIRPORT, PA US","39.87327","-75.22678","3.0","2020-03-09","4.5",,,,"0.0","0.0","0.0","11.7","21.7","3.9","  240","  200","8.1","10.3",,,,,,
"USW00013739","PHILADELPHIA INTERNATIONAL AIRPORT, PA US","39.87327","-75.22678","3.0","2020-03-10","5.7",,,,"0.0","0.0","0.0","14.5","20.0","8.9","  230","  220","10.7","13.9",,,,,,
"USW00013739","PHILADELPHIA INTERNATIONAL AIRPORT, PA US","39.87327","-75.22678","3.0","2020-03-11","3.0",,,,"0.0","0.0","0.0","12.4","15.0","6.1","  310","  320","7.6","10.3",,,,,,
"USW00013739","PHILADELPHIA INTERNATIONAL AIRPORT, PA US","39.87327","-75.22678","3.0","2020-03-12","3.1",,,,"0.0","0.0","0.0","9.2","15.6","4.4","   80","   80","6.7","8.1","    1",,,,,
"USW00013739","PHILADELPHIA INTERNATIONAL AIRPORT, PA US","39.87327","-75.22678","3.0","2020-03-13","5.9",,,,"9.4","0.0","0.0","13.9","23.3","9.4","  270","  260","14.3","17.9","    1","    1",,,,
"USW00013739","PHILADELPHIA INTERNATIONAL AIRPORT, PA US","39.87327","-75.22678","3.0","2020-03-14","5.1",,,,"0.0","0.0","0.0","11.7","14.4","6.1","  330","  340","10.7","12.5",,,,,,
"USW00013739","PHILADELPHIA INTERNATIONAL AIRPORT, PA US","39.87327","-75.22678","3.0","2020-03-15","2.7",,,,"0.3","0.0","0.0","8.7","12.8","4.4","   20","  360","7.6","10.3",,,,,,
"USW00013739","PHILADELPHIA INTERNATIONAL AIRPORT, PA US","39.87327","-75.22678","3.0","2020-03-16","5.0",,,,"0.0","0.0","0.0","6.4","11.1","2.2","  120","   70","8.1","11.2",,,,,,
"USW00013739","PHILADELPHIA INTERNATIONAL AIRPORT, PA US","39.87327","-75.22678","3.0","2020-03-17","3.1",,,,"0.8","0.0","0.0","7.5","13.9","5.0","  320",,"5.4",,,,,,,
"USW00013739","PHILADELPHIA INTERNATIONAL AIRPORT, PA US","39.87327","-75.22678","3.0","2020-03-18","3.3",,,,"2.0","0.0","0.0","10.1","15.0","4.4","  330","  330","7.6","9.4","    1",,,,,
"USW00013739","PHILADELPHIA INTERNATIONAL AIRPORT, PA US","39.87327","-75.22678","3.0","2020-03-19","2.6",,,,"23.6","0.0","0.0","8.8","13.3","6.1","  110","   70","4.5","5.8","    1",,,,,"    1"
"USW00013739","PHILADELPHIA INTERNATIONAL AIRPORT, PA US","39.87327","-75.22678","3.0","2020-03-20","4.7",,,,"0.0","0.0","0.0","15.2","26.1","9.4","  230","  220","14.3","17.4","    1","    1",,,,
"USW00013739","PHILADELPHIA INTERNATIONAL AIRPORT, PA US","39.87327","-75.22678","3.0","2020-03-21","5.1",,,,"0.0","0.0","0.0","13.6","19.4","5.0","   10","   20","10.3","12.1",,,,,,
"USW00013739","PHILADELPHIA INTERNATIONAL AIRPORT, PA US","39.87327","-75.22678","3.0","2020-03-22","5.7",,,,"0.0","0.0","0.0","5.6","8.3","1.7","   80","   50","8.1","11.2",,,,,,
"USW00013739","PHILADELPHIA INTERNATIONAL AIRPORT, PA US","39.87327","-75.22678","3.0","2020-03-23","5.5",,,,"20.3","0.0","0.0","5.1","7.2","3.3","   30","   10","9.4","12.5","    1",,,,,
"USW00013739","PHILADELPHIA INTERNATIONAL AIRPORT, PA US","39.87327","-75.22678","3.0","2020-03-24","3.0",,,,"0.0","0.0","0.0","7.9","14.4","3.9","  320","  320","7.2","8.9",,,,,,
"USW00013739","PHILADELPHIA INTERNATIONAL AIRPORT, PA US","39.87327","-75.22678","3.0","2020-03-25","5.9",,,,"0.3","0.0","0.0","7.4","9.4","5.0","   80","   80","10.3","13.9",,,,,,"    1"
"USW00013739","PHILADELPHIA INTERNATIONAL AIRPORT, PA US","39.87327","-75.22678","3.0","2020-03-26","3.4",,,,"0.0","0.0","0.0","7.7","15.0","1.7","  250","  250","7.6","9.4",,,,,,
"USW00013739","PHILADELPHIA INTERNATIONAL AIRPORT, PA US","39.87327","-75.22678","3.0","2020-03-27","3.0",,,,"0.0","0.0","0.0","13.3","20.6","9.4","  350","  320","7.2","8.9",,,,,,
"USW00013739","PHILADELPHIA INTERNATIONAL AIRPORT, PA US","39.87327","-75.22678","3.0","2020-03-28","4.0",,,,"29.0","0.0","0.0","10.9","12.2","8.3","  110","  360","7.6","9.8","    1",,"    1",,,
"USW00013739","PHILADELPHIA INTERNATIONAL AIRPORT, PA US","39.87327","-75.22678","3.0","2020-03-29","3.8",,,,"0.0","0.0","0.0","9.6","11.7","8.3","   80","   10","6.7","9.4","    1",,"    1",,,
"USW00013739","PHILADELPHIA INTERNATIONAL AIRPORT, PA US","39.87327","-75.22678","3.0","2020-03-30","2.2",,,,"1.5","0.0","0.0","10.5","15.6","7.2","  320","  320","8.1","10.3","    1",,"    1",,,
"USW00013739","PHILADELPHIA INTERNATIONAL AIRPORT, PA US","39.87327","-75.22678","3.0","2020-03-31","4.0",,,,"0.0","0.0","0.0","7.9","8.9","5.0","   80","   70","7.2","8.5","    1",,,,,"    1"
"USW00013739","PHILADELPHIA INTERNATIONAL AIRPORT, PA US","39.87327","-75.22678","3.0","2020-04-01","5.7",,,,"0.0","0.0","0.0","7.6","13.3","4.4","  330","  330","11.2","13.4",,,,,,
"USW00013739","PHILADELPHIA INTERNATIONAL AIRPORT, PA US","39.87327","-75.22678","3.0","2020-04-02","8.8",,,,"0.0","0.0","0.0","9.3","14.4","4.4","  320","  300","14.8","18.3",,,,,,
"USW00013739","PHILADELPHIA INTERNATIONAL AIRPORT, PA US","39.87327","-75.22678","3.0","2020-04-03","8.4",,,,"0.0","0.0","0.0","11.2","14.4","8.9","  320","  320","13.4","18.8",,,,,,
"USW00013739","PHILADELPHIA INTERNATIONAL AIRPORT, PA US","39.87327","-75.22678","3.0","2020-04-04","3.4",,,,"0.0","0.0","0.0","10.7","13.9","8.9","  340","  350","8.1","10.7",,,,,,
"USW00013739","PHILADELPHIA INTERNATIONAL AIRPORT, PA US","39.87327","-75.22678","3.0","2020-04-05","3.4",,,,"0.0","0.0","0.0","12.4","19.4","6.1","  220","  220","6.7","8.9",,,,,,
"USW00013739","PHILADELPHIA INTERNATIONAL AIRPORT, PA US","39.87327","-75.22678","3.0","2020-04-06","3.9",,,,"0.0","0.0","0.0","14.3","18.9","9.4","  320","  330","7.2","9.8",,,,,,
"USW00013739","PHILADELPHIA INTERNATIONAL AIRPORT, PA US","39.87327","-75.22678","3.0","2020-04-07","2.8",,,,"0.0","0.0","0.0","13.7","18.9","6.7","  230","  180","6.3","8.1",,,,,,
"USW00013739","PHILADELPHIA INTERNATIONAL AIRPORT, PA US","39.87327","-75.22678","3.0","2020-04-08","4.4",,,,"6.9","0.0","0.0","16.5","23.9","8.9","  310","  290","9.4","12.1","    1",,"    1",,,
"USW00013739","PHILADELPHIA INTERNATIONAL AIRPORT, PA US","39.87327","-75.22678","3.0","2020-04-09","6.4",,,,"1.3","0.0","0.0","12.2","19.4","7.2","  290","  290","19.2","26.4","    1",,"    1",,,
"USW00013739","PHILADELPHIA INTERNATIONAL AIRPORT, PA US","39.87327","-75.22678","3.0","2020-04-10","10.3",,,,"0.0","0.0","0.0","7.8","10.0","4.4","  270","  300","17.0","23.7",,,,,,
"USW00013739","PHILADELPHIA INTERNATIONAL AIRPORT, PA US","39.87327","-75.22678","3.0","2020-04-11","5.4",,,,"0.0","0.0","0.0","7.8","13.9","2.2","  280","  290","11.2","14.3",,,,,,
"USW00013739","PHILADELPHIA INTERNATIONAL AIRPORT, PA US","39.87327","-75.22678","3.0","2020-04-12","3.9",,,,"1.8","0.0","0.0","11.8","20.6","3.9","  180","  180","11.2","17.0",,,,,,
"USW00013739","PHILADELPHIA INTERNATIONAL AIRPORT, PA US","39.87327","-75.22678","3.0","2020-04-13","7.8",,,,"41.1","0.0","0.0","16.8","22.2","11.7","  180","  170","16.5","21.9","    1",,"    1",,,"    1"
"USW00013739","PHILADELPHIA INTERNATIONAL AIRPORT, PA US","39.87327","-75.22678","3.0","2020-04-14","4.3",,,,"0.0","0.0","0.0","12.5","14.4","7.2","  320","  320","9.4","12.1",,,,,,
"USW00013739","PHILADELPHIA INTERNATIONAL AIRPORT, PA US","39.87327","-75.22678","3.0","2020-04-15","5.0",,,,"0.8","0.0","0.0","8.4","11.1","4.4","  330","  300","9.4","12.1",,,,,,
"USW00013739","PHILADELPHIA INTERNATIONAL AIRPORT, PA US","39.87327","-75.22678","3.0","2020-04-16","5.9",,,,"0.0","0.0","0.0","7.7","10.0","4.4","  310","  280","10.3","13.4",,,,,,
"USW00013739","PHILADELPHIA INTERNATIONAL AIRPORT, PA US","39.87327","-75.22678","3.0","2020-04-17","3.1",,,,"0.0","0.0","0.0","6.7","11.7","1.1","  240","  240","7.2","9.8",,,,,,
"USW00013739","PHILADELPHIA INTERNATIONAL AIRPORT, PA US","39.87327","-75.22678","3.0","2020-04-18","4.4",,,,"1.5","0.0","0.0","8.4","9.4","2.8","  330","  320","12.5","14.8","    1",,,,,
"USW00013739","PHILADELPHIA INTERNATIONAL AIRPORT, PA US","39.87327","-75.22678","3.0","2020-04-19","4.9",,,,"0.0","0.0","0.0","8.8","16.7","1.7","  210","  210","11.2","13.9",,,,,,
"USW00013739","PHILADELPHIA INTERNATIONAL AIRPORT, PA US","39.87327","-75.22678","3.0","2020-04-20","3.6",,,,"0.0","0.0","0.0","12.4","14.4","7.8","   40","   50","8.9","11.6",,,,,,
"USW00013739","PHILADELPHIA INTERNATIONAL AIRPORT, PA US","39.87327","-75.22678","3.0","2020-04-21","6.3",,,,"2.5","0.0","0.0","11.4","17.8","5.0","  290","  290","20.1","25.9",,,"    1",,,
"USW00013739","PHILADELPHIA INTERNATIONAL AIRPORT, PA US","39.87327","-75.22678","3.0","2020-04-22","7.0",,,,"0.0","0.0","0.0","7.2","12.2","1.7","  270","  260","13.9","16.5",,,,,,
"USW00013739","PHILADELPHIA INTERNATIONAL AIRPORT, PA US","39.87327","-75.22678","3.0","2020-04-23","3.3",,,,"11.7","0.0","0.0","9.0","15.0","5.0","   70","   70","7.2","8.9","    1",,,,,
"USW00013739","PHILADELPHIA INTERNATIONAL AIRPORT, PA US","39.87327","-75.22678","3.0","2020-04-24","4.1",,,,"15.0","0.0","0.0","8.4","10.6","7.2","   40","   40","7.2","9.4","    1",,,,,"    1"
"USW00013739","PHILADELPHIA INTERNATIONAL AIRPORT, PA US","39.87327","-75.22678","3.0","2020-04-25","2.2",,,,"0.5","0.0","0.0","12.2","20.0","6.1","  130","  130","7.6","9.4","    1",,,,,
"USW00013739","PHILADELPHIA INTERNATIONAL AIRPORT, PA US","39.87327","-75.22678","3.0","2020-04-26","4.7",,,,"3.3","0.0","0.0","9.9","10.6","7.2","   20","   70","7.2","10.3","    1",,,,,
"USW00013739","PHILADELPHIA INTERNATIONAL AIRPORT, PA US","39.87327","-75.22678","3.0","2020-04-27","5.9",,,,"0.3","0.0","0.0","8.3","12.8","5.6","  320","  320","12.5","14.8","    1",,,,,"    1"
"USW00013739","PHILADELPHIA INTERNATIONAL AIRPORT, PA US","39.87327","-75.22678","3.0","2020-04-28","4.0",,,,"0.0","0.0","0.0","10.7","17.8","5.6","  230","  180","7.6","9.4",,,,,,
"USW00013739","PHILADELPHIA INTERNATIONAL AIRPORT, PA US","39.87327","-75.22678","3.0","2020-04-29","5.7",,,,"0.0","0.0","0.0","13.9","20.0","10.0","  100","  110","11.2","14.3",,,,,,
"USW00013739","PHILADELPHIA INTERNATIONAL AIRPORT, PA US","39.87327","-75.22678","3.0","2020-04-30","6.7",,,,"8.6","0.0","0.0","16.6","20.6","13.9","  150","  140","15.7","21.5","    1",,,,,"    1"
"USW00013739","PHILADELPHIA INTERNATIONAL AIRPORT, PA US","39.87327","-75.22678","3.0","2020-05-01","3.4",,,,"0.3","0.0","0.0","15.9","20.0","13.9","  320","  330","8.9","12.5","    1",,,,,
"USW00013739","PHILADELPHIA INTERNATIONAL AIRPORT, PA US","39.87327","-75.22678","3.0","2020-05-02","4.7",,,,"0.0","0.0","0.0","16.8","22.8","10.6","  270","  340","9.4","12.1",,,,,,
"USW00013739","PHILADELPHIA INTERNATIONAL AIRPORT, PA US","39.87327","-75.22678","3.0","2020-05-03","4.2",,,,"3.8","0.0","0.0","18.1","26.1","12.8","  240","  280","7.6","10.3",,,,,,
"USW00013739","PHILADELPHIA INTERNATIONAL AIRPORT, PA US","39.87327","-75.22678","3.0","2020-05-04","6.4",,,,"0.3","0.0","0.0","19.6","23.3","10.6","  340","  320","12.5","16.1","    1",,,,,
"USW00013739","PHILADELPHIA INTERNATIONAL AIRPORT, PA US","39.87327","-75.22678","3.0","2020-05-05","3.1",,,,"0.0","0.0","0.0","12.2","15.6","7.8","  330","  330","7.2","8.9",,,,,,
"USW00013739","PHILADELPHIA INTERNATIONAL AIRPORT, PA US","39.87327","-75.22678","3.0","2020-05-06","3.4",,,,"2.3","0.0","0.0","10.9","12.2","7.2","   40","   70","6.7","9.4",,,,,,
"USW00013739","PHILADELPHIA INTERNATIONAL AIRPORT, PA US","39.87327","-75.22678","3.0","2020-05-07","4.9",,,,"0.0","0.0","0.0","11.6","18.9","7.2","  260","  250","10.3","12.1",,,,,,
"USW00013739","PHILADELPHIA INTERNATIONAL AIRPORT, PA US","39.87327","-75.22678","3.0","2020-05-08","4.2",,,,"8.1","0.0","0.0","12.1","14.4","3.3","  320","  330","17.0","22.4","    1",,,,,"    1"
"USW00013739","PHILADELPHIA INTERNATIONAL AIRPORT, PA US","39.87327","-75.22678","3.0","2020-05-09","8.4",,,,"0.0","0.0","0.0","5.6","9.4","1.7","  270","  300","14.8","19.2","    1",,,,,"    1"
"USW00013739","PHILADELPHIA INTERNATIONAL AIRPORT, PA US","39.87327","-75.22678","3.0","2020-05-10","6.3",,,,"0.0","0.0","0.0","9.9","17.8","3.9","  250","  250","10.7","13.0",,,,,,
"USW00013739","PHILADELPHIA INTERNATIONAL AIRPORT, PA US","39.87327","-75.22678","3.0","2020-05-11","6.4",,,,"1.5","0.0","0.0","12.0","16.7","8.3","  280","  290","16.5","20.1",,,"    1",,,
"USW00013739","PHILADELPHIA INTERNATIONAL AIRPORT, PA US","39.87327","-75.22678","3.0","2020-05-12","6.0",,,,"0.0","0.0","0.0","10.6","16.1","5.6","  260","  290","11.2","14.8",,,,,,
"USW00013739","PHILADELPHIA INTERNATIONAL AIRPORT, PA US","39.87327","-75.22678","3.0","2020-05-13","3.3",,," 1447","0.0","0.0","0.0","10.7","18.9","5.0","  290","  270","8.9","11.2",,,,,,
"USW00013739","PHILADELPHIA INTERNATIONAL AIRPORT, PA US","39.87327","-75.22678","3.0","2020-05-14","3.4",,,,"0.0","0.0","0.0","15.2","23.3","6.7","  240","  230","9.8","13.4",,,,,,
"USW00013739","PHILADELPHIA INTERNATIONAL AIRPORT, PA US","39.87327","-75.22678","3.0","2020-05-15","5.9",,,,"1.5","0.0","0.0","21.4","29.4","16.7","  220","  230","9.8","13.0",,,,,,
"USW00013739","PHILADELPHIA INTERNATIONAL AIRPORT, PA US","39.87327","-75.22678","3.0","2020-05-16","3.3",,,,"0.0","0.0","0.0","23.1","26.1","15.6","  360","  350","7.6","9.4",,,,,,
"USW00013739","PHILADELPHIA INTERNATIONAL AIRPORT, PA US","39.87327","-75.22678","3.0","2020-05-17","3.9",,,,"0.0","0.0","0.0","17.1","21.7","12.2","  120","  120","7.6","8.9",,,,,,
"USW00013739","PHILADELPHIA INTERNATIONAL AIRPORT, PA US","39.87327","-75.22678","3.0","2020-05-18","5.1",,,,"0.0","0.0","0.0","15.5","20.6","11.7","   80","   80","9.8","12.5",,,,,,
"USW00013739","PHILADELPHIA INTERNATIONAL AIRPORT, PA US","39.87327","-75.22678","3.0","2020-05-19","7.6",,,,"0.0","0.0","0.0","15.7","20.0","11.1","   90","   90","14.3","19.2",,,,,,
"USW00013739","PHILADELPHIA INTERNATIONAL AIRPORT, PA US","39.87327","-75.22678","3.0","2020-05-20","6.3",,,,"0.0","0.0","0.0","13.3","17.2","7.2","   80","   80","10.3","13.4",,,,,,
"USW00013739","PHILADELPHIA INTERNATIONAL AIRPORT, PA US","39.87327","-75.22678","3.0","2020-05-21","3.4",,,,"0.0","0.0","0.0","13.9","23.9","7.2","   50","   20","5.8","8.5",,,,,,
"USW00013739","PHILADELPHIA INTERNATIONAL AIRPORT, PA US","39.87327","-75.22678","3.0","2020-05-22","2.7",,,,"9.7","0.0","0.0","16.8","21.7","12.2","  120","  120","6.7","9.4","    1",,,,,"    1"
"USW00013739","PHILADELPHIA INTERNATIONAL AIRPORT, PA US","39.87327","-75.22678","3.0","2020-05-23","3.3",,,,"26.7","0.0","0.0","19.9","24.4","13.9","  300","  290","11.2","16.1","    1","    1","    1",,,"    1"
"USW00013739","PHILADELPHIA INTERNATIONAL AIRPORT, PA US","39.87327","-75.22678","3.0","2020-05-24","4.3",,,,"0.0","0.0","0.0","16.2","21.7","11.1","   80","   50","7.2","9.4","    1",,,,,
"USW00013739","PHILADELPHIA INTERNATIONAL AIRPORT, PA US","39.87327","-75.22678","3.0","2020-05-25","2.4",,,,"0.0","0.0","0.0","17.3","24.4","13.9","  120","   30","4.5","6.3","    1",,,,,
"USW00013739","PHILADELPHIA INTERNATIONAL AIRPORT, PA US","39.87327","-75.22678","3.0","2020-05-26","1.9",,,,"0.0","0.0","0.0","19.8","27.8","15.0","  250","  240","6.7","7.6","    1","    1",,,,"    1"
"USW00013739","PHILADELPHIA INTERNATIONAL AIRPORT, PA US","39.87327","-75.22678","3.0","2020-05-27","1.7",,,,"0.0","0.0","0.0","21.1","28.3","16.1","  190","  180","5.8","7.6","    1",,,,,"    1"
"USW00013739","PHILADELPHIA INTERNATIONAL AIRPORT, PA US","39.87327","-75.22678","3.0","2020-05-28","3.8",,,,"1.8","0.0","0.0","22.6","26.7","19.4","  170","  180","7.6","9.8","    1",,,,,
"USW00013739","PHILADELPHIA INTERNATIONAL AIRPORT, PA US","39.87327","-75.22678","3.0","2020-05-29","4.7",,,,"0.0","0.0","0.0","24.6","29.4","21.7","  210","  200","9.8","12.1","    1",,,,,
"USW00013739","PHILADELPHIA INTERNATIONAL AIRPORT, PA US","39.87327","-75.22678","3.0","2020-05-30","4.1",,,,"0.0","0.0","0.0","24.1","27.8","20.6","  320","  320","8.1","11.2",,,,,,
"USW00013739","PHILADELPHIA INTERNATIONAL AIRPORT, PA US","39.87327","-75.22678","3.0","2020-05-31","5.5",,,,"0.0","0.0","0.0","19.8","22.2","13.9","   10","  290","8.9","11.6",,,,,,
"USW00013739","PHILADELPHIA INTERNATIONAL AIRPORT, PA US","39.87327","-75.22678","3.0","2020-06-01","4.3",,,,"0.0","0.0","0.0","16.8","22.8","10.6","  330","  290","8.1","12.5",,,,,,
"USW00013739","PHILADELPHIA INTERNATIONAL AIRPORT, PA US","39.87327","-75.22678","3.0","2020-06-02","4.0",,,,"0.0","0.0","0.0","18.9","22.8","14.4","  230","  250","6.7","8.5",,,,,,
"USW00013739","PHILADELPHIA INTERNATIONAL AIRPORT, PA US","39.87327","-75.22678","3.0","2020-06-03","3.8",,,,"22.6","0.0","0.0","23.3","31.1","17.8","  330","  300","24.6","30.4","    1",,"    1",,,
"USW00013739","PHILADELPHIA INTERNATIONAL AIRPORT, PA US","39.87327","-75.22678","3.0","2020-06-04","2.3",,,,"16.5","0.0","0.0","24.8","31.7","19.4","  260","  260","14.3","16.1","    1",,"    1",,,"    1"
"USW00013739","PHILADELPHIA INTERNATIONAL AIRPORT, PA US","39.87327","-75.22678","3.0","2020-06-05","3.1",,,,"8.9","0.0","0.0","24.4","30.0","20.6","  250","  240","8.1","10.3","    1",,"    1",,,"    1"
"USW00013739","PHILADELPHIA INTERNATIONAL AIRPORT, PA US","39.87327","-75.22678","3.0","2020-06-06","4.3",,,,"0.0","0.0","0.0","25.5","32.2","21.1","  280","  290","9.8","12.1","    1",,,,,
"USW00013739","PHILADELPHIA INTERNATIONAL AIRPORT, PA US","39.87327","-75.22678","3.0","2020-06-07","5.1",,,,"0.0","0.0","0.0","23.4","26.7","18.3","  350","  320","10.3","15.2",,,,,,
"USW00013739","PHILADELPHIA INTERNATIONAL AIRPORT, PA US","39.87327","-75.22678","3.0","2020-06-08","3.3",,,,"0.0","0.0","0.0","21.2","26.1","15.0","  320","  310","6.3","8.1",,,,,,
"USW00013739","PHILADELPHIA INTERNATIONAL AIRPORT, PA US","39.87327","-75.22678","3.0","2020-06-09","3.7",,,,"0.0","0.0","0.0","24.1","31.1","17.8","  230","  220","7.6","10.3",,,,,,
"USW00013739","PHILADELPHIA INTERNATIONAL AIRPORT, PA US","39.87327","-75.22678","3.0","2020-06-10","4.6",,,,"0.0","0.0",,"26.4","32.8","21.1","  190","  180","9.4","12.5",,,,,,
"USW00013739","PHILADELPHIA INTERNATIONAL AIRPORT, PA US","39.87327","-75.22678","3.0","2020-06-11","4.2",,,,"15.7","0.0","0.0","25.4","27.2","22.2","  240","  200","9.4","12.1","    1",,"    1",,,
"USW00013739","PHILADELPHIA INTERNATIONAL AIRPORT, PA US","39.87327","-75.22678","3.0","2020-06-12",,,,,"0.0","0.0",,"22.9","30.0","20.0",,,,,,,,,,
"USW00013739","PHILADELPHIA INTERNATIONAL AIRPORT, PA US","39.87327","-75.22678","3.0","2020-06-13",,,,,"0.0","0.0",,,"24.4","16.7",,,,,,,,,,
"US1PADL0013","LANSDOWNE 0.2 NNW, PA US","39.942904","-75.277385","42.4","2019-12-31",,"   61","303.5",,,,,,,,,,,,,,,,,
"US1PADL0013","LANSDOWNE 0.2 NNW, PA US","39.942904","-75.277385","42.4","2020-03-01",,"   61","177.8",,,,,,,,,,,,,,,,,
"US1PADL0013","LANSDOWNE 0.2 NNW, PA US","39.942904","-75.277385","42.4","2020-03-30",,"   29","62.2",,,,,,,,,,,,,,,,,
"US1PADL0013","LANSDOWNE 0.2 NNW, PA US","39.942904","-75.277385","42.4","2020-04-12",,"   12","18.0",,,,,,,,,,,,,,,,,
